{"v":"5.1.11","fr":30,"ip":0,"op":120,"w":160,"h":160,"nm":"zona_fans_tickets","ddd":0,"assets":[],"layers":[{"ddd":0,"ind":1,"ty":4,"nm":"tickets contornos","sr":1,"ks":{"o":{"a":0,"k":100,"ix":11},"r":{"a":0,"k":0,"ix":10},"p":{"a":0,"k":[79.938,80,0],"ix":2},"a":{"a":0,"k":[30.795,3.871,0],"ix":1},"s":{"a":0,"k":[100,100,100],"ix":6}},"ao":0,"shapes":[{"ty":"gr","it":[{"ind":0,"ty":"sh","ix":1,"ks":{"a":0,"k":{"i":[[0.517,0.15],[0.313,0.24],[0,0],[-0.413,-0.134],[-0.413,0],[-0.221,0.136],[0,0.226],[0.129,0.109],[0.203,0.067],[0.347,0.08],[0.34,0.127],[0.243,0.28],[0,0.466],[-0.221,0.33],[-0.444,0.193],[-0.641,0],[-0.426,-0.106],[-0.32,-0.2],[0,0],[0.646,0],[0.217,-0.146],[0,-0.24],[-0.25,-0.117],[-0.513,-0.113],[-0.34,-0.127],[-0.243,-0.274],[0,-0.468],[0.224,-0.33],[0.447,-0.194],[0.64,0]],"o":[[-0.517,-0.149],[0,0],[0.299,0.22],[0.414,0.133],[0.46,0],[0.219,-0.137],[0,-0.167],[-0.13,-0.111],[-0.204,-0.067],[-0.533,-0.127],[-0.341,-0.127],[-0.244,-0.28],[0,-0.407],[0.219,-0.33],[0.443,-0.193],[0.446,0],[0.427,0.106],[0,0],[-0.646,-0.367],[-0.453,0],[-0.217,0.147],[0,0.24],[0.25,0.117],[0.534,0.126],[0.341,0.127],[0.244,0.273],[0,0.399],[-0.223,0.33],[-0.446,0.193],[-0.553,0]],"v":[[-1.665,3.395],[-2.91,2.809],[-2.359,1.59],[-1.29,2.12],[-0.05,2.32],[0.971,2.115],[1.301,1.57],[1.106,1.156],[0.606,0.889],[-0.22,0.669],[-1.529,0.29],[-2.404,-0.32],[-2.769,-1.441],[-2.439,-2.546],[-1.444,-3.331],[0.181,-3.62],[1.49,-3.46],[2.61,-3.001],[2.11,-1.77],[0.17,-2.32],[-0.835,-2.1],[-1.16,-1.52],[-0.785,-0.986],[0.36,-0.641],[1.67,-0.26],[2.545,0.34],[2.91,1.451],[2.575,2.544],[1.57,3.331],[-0.06,3.62]],"c":true},"ix":2},"nm":"Trazado 1","mn":"ADBE Vector Shape - Group","hd":false},{"ty":"fl","c":{"a":0,"k":[1,1,1,1],"ix":4},"o":{"a":0,"k":100,"ix":5},"r":1,"nm":"Relleno 1","mn":"ADBE Vector Graphic - Fill","hd":false},{"ty":"tr","p":{"a":0,"k":[58.429,3.871],"ix":2},"a":{"a":0,"k":[0,0],"ix":1},"s":{"a":0,"k":[100,100],"ix":3},"r":{"a":0,"k":0,"ix":6},"o":{"a":0,"k":100,"ix":7},"sk":{"a":0,"k":0,"ix":4},"sa":{"a":0,"k":0,"ix":5},"nm":"Transformar"}],"nm":"Grupo 1","np":2,"cix":2,"ix":1,"mn":"ADBE Vector Group","hd":false},{"ty":"gr","it":[{"ind":0,"ty":"sh","ix":1,"ks":{"a":0,"k":{"i":[[0,0],[0,0],[0,0],[0,0],[0,0],[0,0],[0,0],[0,0]],"o":[[0,0],[0,0],[0,0],[0,0],[0,0],[0,0],[0,0],[0,0]],"v":[[-0.81,-2.18],[-3.05,-2.18],[-3.05,-3.5],[3.05,-3.5],[3.05,-2.18],[0.81,-2.18],[0.81,3.5],[-0.81,3.5]],"c":true},"ix":2},"nm":"Trazado 1","mn":"ADBE Vector Shape - Group","hd":false},{"ty":"fl","c":{"a":0,"k":[1,1,1,1],"ix":4},"o":{"a":0,"k":100,"ix":5},"r":1,"nm":"Relleno 1","mn":"ADBE Vector Graphic - Fill","hd":false},{"ty":"tr","p":{"a":0,"k":[49.199,3.87],"ix":2},"a":{"a":0,"k":[0,0],"ix":1},"s":{"a":0,"k":[100,100],"ix":3},"r":{"a":0,"k":0,"ix":6},"o":{"a":0,"k":100,"ix":7},"sk":{"a":0,"k":0,"ix":4},"sa":{"a":0,"k":0,"ix":5},"nm":"Transformar"}],"nm":"Grupo 2","np":2,"cix":2,"ix":2,"mn":"ADBE Vector Group","hd":false},{"ty":"gr","it":[{"ind":0,"ty":"sh","ix":1,"ks":{"a":0,"k":{"i":[[0,0],[0,0],[0,0],[0,0],[0,0],[0,0],[0,0],[0,0],[0,0],[0,0],[0,0],[0,0]],"o":[[0,0],[0,0],[0,0],[0,0],[0,0],[0,0],[0,0],[0,0],[0,0],[0,0],[0,0],[0,0]],"v":[[2.71,2.201],[2.71,3.501],[-2.71,3.501],[-2.71,-3.501],[2.58,-3.501],[2.58,-2.201],[-1.1,-2.201],[-1.1,-0.68],[2.15,-0.68],[2.15,0.579],[-1.1,0.579],[-1.1,2.201]],"c":true},"ix":2},"nm":"Trazado 1","mn":"ADBE Vector Shape - Group","hd":false},{"ty":"fl","c":{"a":0,"k":[1,1,1,1],"ix":4},"o":{"a":0,"k":100,"ix":5},"r":1,"nm":"Relleno 1","mn":"ADBE Vector Graphic - Fill","hd":false},{"ty":"tr","p":{"a":0,"k":[39.939,3.87],"ix":2},"a":{"a":0,"k":[0,0],"ix":1},"s":{"a":0,"k":[100,100],"ix":3},"r":{"a":0,"k":0,"ix":6},"o":{"a":0,"k":100,"ix":7},"sk":{"a":0,"k":0,"ix":4},"sa":{"a":0,"k":0,"ix":5},"nm":"Transformar"}],"nm":"Grupo 3","np":2,"cix":2,"ix":3,"mn":"ADBE Vector Group","hd":false},{"ty":"gr","it":[{"ind":0,"ty":"sh","ix":1,"ks":{"a":0,"k":{"i":[[0,0],[0,0],[0,0],[0,0],[0,0],[0,0],[0,0],[0,0],[0,0],[0,0],[0,0],[0,0]],"o":[[0,0],[0,0],[0,0],[0,0],[0,0],[0,0],[0,0],[0,0],[0,0],[0,0],[0,0],[0,0]],"v":[[-0.79,0.75],[-1.73,1.731],[-1.73,3.5],[-3.34,3.5],[-3.34,-3.5],[-1.73,-3.5],[-1.73,-0.23],[1.37,-3.5],[3.17,-3.5],[0.27,-0.38],[3.34,3.5],[1.45,3.5]],"c":true},"ix":2},"nm":"Trazado 1","mn":"ADBE Vector Shape - Group","hd":false},{"ty":"fl","c":{"a":0,"k":[1,1,1,1],"ix":4},"o":{"a":0,"k":100,"ix":5},"r":1,"nm":"Relleno 1","mn":"ADBE Vector Graphic - Fill","hd":false},{"ty":"tr","p":{"a":0,"k":[30.17,3.87],"ix":2},"a":{"a":0,"k":[0,0],"ix":1},"s":{"a":0,"k":[100,100],"ix":3},"r":{"a":0,"k":0,"ix":6},"o":{"a":0,"k":100,"ix":7},"sk":{"a":0,"k":0,"ix":4},"sa":{"a":0,"k":0,"ix":5},"nm":"Transformar"}],"nm":"Grupo 4","np":2,"cix":2,"ix":4,"mn":"ADBE Vector Group","hd":false},{"ty":"gr","it":[{"ind":0,"ty":"sh","ix":1,"ks":{"a":0,"k":{"i":[[0.577,0.31],[0.33,0.55],[0,0.694],[-0.33,0.55],[-0.577,0.311],[-0.72,0],[-0.49,-0.213],[-0.334,-0.4],[0,0],[0.7,0],[0.34,-0.189],[0.19,-0.34],[0,-0.433],[-0.19,-0.34],[-0.34,-0.191],[-0.434,0],[-0.473,0.554],[0,0],[0.493,-0.213],[0.607,0]],"o":[[-0.577,-0.311],[-0.33,-0.55],[0,-0.693],[0.33,-0.55],[0.577,-0.31],[0.606,0],[0.49,0.213],[0,0],[-0.473,-0.547],[-0.434,0],[-0.34,0.191],[-0.19,0.34],[0,0.434],[0.19,0.34],[0.34,0.189],[0.7,0],[0,0],[-0.334,0.406],[-0.494,0.213],[-0.713,0]],"v":[[-1.485,3.156],[-2.845,1.866],[-3.34,-0.001],[-2.845,-1.866],[-1.485,-3.156],[0.46,-3.62],[2.105,-3.301],[3.34,-2.381],[2.3,-1.421],[0.54,-2.241],[-0.62,-1.956],[-1.415,-1.161],[-1.7,-0.001],[-1.415,1.161],[-0.62,1.956],[0.54,2.241],[2.3,1.411],[3.34,2.37],[2.1,3.301],[0.45,3.62]],"c":true},"ix":2},"nm":"Trazado 1","mn":"ADBE Vector Shape - Group","hd":false},{"ty":"fl","c":{"a":0,"k":[1,1,1,1],"ix":4},"o":{"a":0,"k":100,"ix":5},"r":1,"nm":"Relleno 1","mn":"ADBE Vector Graphic - Fill","hd":false},{"ty":"tr","p":{"a":0,"k":[19.4,3.87],"ix":2},"a":{"a":0,"k":[0,0],"ix":1},"s":{"a":0,"k":[100,100],"ix":3},"r":{"a":0,"k":0,"ix":6},"o":{"a":0,"k":100,"ix":7},"sk":{"a":0,"k":0,"ix":4},"sa":{"a":0,"k":0,"ix":5},"nm":"Transformar"}],"nm":"Grupo 5","np":2,"cix":2,"ix":5,"mn":"ADBE Vector Group","hd":false},{"ty":"gr","it":[{"ind":0,"ty":"sh","ix":1,"ks":{"a":0,"k":{"i":[[0,0],[0,0],[0,0],[0,0]],"o":[[0,0],[0,0],[0,0],[0,0]],"v":[[-0.81,-3.5],[0.81,-3.5],[0.81,3.5],[-0.81,3.5]],"c":true},"ix":2},"nm":"Trazado 1","mn":"ADBE Vector Shape - Group","hd":false},{"ty":"fl","c":{"a":0,"k":[1,1,1,1],"ix":4},"o":{"a":0,"k":100,"ix":5},"r":1,"nm":"Relleno 1","mn":"ADBE Vector Graphic - Fill","hd":false},{"ty":"tr","p":{"a":0,"k":[11.03,3.871],"ix":2},"a":{"a":0,"k":[0,0],"ix":1},"s":{"a":0,"k":[100,100],"ix":3},"r":{"a":0,"k":0,"ix":6},"o":{"a":0,"k":100,"ix":7},"sk":{"a":0,"k":0,"ix":4},"sa":{"a":0,"k":0,"ix":5},"nm":"Transformar"}],"nm":"Grupo 6","np":2,"cix":2,"ix":6,"mn":"ADBE Vector Group","hd":false},{"ty":"gr","it":[{"ind":0,"ty":"sh","ix":1,"ks":{"a":0,"k":{"i":[[0,0],[0,0],[0,0],[0,0],[0,0],[0,0],[0,0],[0,0]],"o":[[0,0],[0,0],[0,0],[0,0],[0,0],[0,0],[0,0],[0,0]],"v":[[-0.81,-2.18],[-3.05,-2.18],[-3.05,-3.5],[3.05,-3.5],[3.05,-2.18],[0.81,-2.18],[0.81,3.5],[-0.81,3.5]],"c":true},"ix":2},"nm":"Trazado 1","mn":"ADBE Vector Shape - Group","hd":false},{"ty":"fl","c":{"a":0,"k":[1,1,1,1],"ix":4},"o":{"a":0,"k":100,"ix":5},"r":1,"nm":"Relleno 1","mn":"ADBE Vector Graphic - Fill","hd":false},{"ty":"tr","p":{"a":0,"k":[3.3,3.87],"ix":2},"a":{"a":0,"k":[0,0],"ix":1},"s":{"a":0,"k":[100,100],"ix":3},"r":{"a":0,"k":0,"ix":6},"o":{"a":0,"k":100,"ix":7},"sk":{"a":0,"k":0,"ix":4},"sa":{"a":0,"k":0,"ix":5},"nm":"Transformar"}],"nm":"Grupo 7","np":2,"cix":2,"ix":7,"mn":"ADBE Vector Group","hd":false}],"ip":29,"op":59,"st":-6,"bm":0},{"ddd":0,"ind":2,"ty":4,"nm":"mask 2 contornos","td":1,"sr":1,"ks":{"o":{"a":0,"k":100,"ix":11},"r":{"a":0,"k":0,"ix":10},"p":{"a":0,"k":[80,110.265,0],"ix":2},"a":{"a":0,"k":[37.787,0.309,0],"ix":1},"s":{"a":1,"k":[{"i":{"x":[0.303,0.303,0.667],"y":[1,1,1]},"o":{"x":[0.333,0.333,0.333],"y":[0,0,0]},"n":["0p303_1_0p333_0","0p303_1_0p333_0","0p667_1_0p333_0"],"t":24,"s":[0,0,100],"e":[100,100,100]},{"i":{"x":[0.667,0.667,0.667],"y":[1,1,1]},"o":{"x":[0.333,0.333,0.333],"y":[0,0,0]},"n":["0p667_1_0p333_0","0p667_1_0p333_0","0p667_1_0p333_0"],"t":44,"s":[100,100,100],"e":[100,100,100]},{"i":{"x":[0.667,0.667,0.667],"y":[1,1,1]},"o":{"x":[0.694,0.694,0.333],"y":[0,0,0]},"n":["0p667_1_0p694_0","0p667_1_0p694_0","0p667_1_0p333_0"],"t":77,"s":[100,100,100],"e":[0,0,100]},{"t":100}],"ix":6}},"ao":0,"shapes":[{"ty":"gr","it":[{"ind":0,"ty":"sh","ix":1,"ks":{"a":0,"k":{"i":[[0,0],[0,0],[0,0]],"o":[[0,0],[0,0],[0,0]],"v":[[-37.537,-21.184],[0.001,21.184],[37.538,-21.184]],"c":true},"ix":2},"nm":"Trazado 1","mn":"ADBE Vector Shape - Group","hd":false},{"ty":"fl","c":{"a":0,"k":[0.3125,0.0924,0.7876,1],"ix":4},"o":{"a":0,"k":100,"ix":5},"r":1,"nm":"Relleno 1","mn":"ADBE Vector Graphic - Fill","hd":false},{"ty":"tr","p":{"a":0,"k":[37.787,21.434],"ix":2},"a":{"a":0,"k":[0,0],"ix":1},"s":{"a":0,"k":[100,100],"ix":3},"r":{"a":0,"k":0,"ix":6},"o":{"a":0,"k":100,"ix":7},"sk":{"a":0,"k":0,"ix":4},"sa":{"a":0,"k":0,"ix":5},"nm":"Transformar"}],"nm":"Grupo 1","np":2,"cix":2,"ix":1,"mn":"ADBE Vector Group","hd":false}],"ip":24,"op":100,"st":24,"bm":0},{"ddd":0,"ind":3,"ty":4,"nm":"wave 2 contornos","tt":1,"sr":1,"ks":{"o":{"a":0,"k":100,"ix":11},"r":{"a":0,"k":0,"ix":10},"p":{"a":1,"k":[{"i":{"x":0.833,"y":0.833},"o":{"x":0.167,"y":0.167},"n":"0p833_0p833_0p167_0p167","t":24,"s":[95,131.39,0],"e":[70,131.39,0],"to":[-4.16666650772095,0,0],"ti":[4.16666650772095,0,0]},{"t":100}],"ix":2},"a":{"a":0,"k":[50.25,21.434,0],"ix":1},"s":{"a":0,"k":[100,100,100],"ix":6}},"ao":0,"shapes":[{"ty":"gr","it":[{"ind":0,"ty":"sh","ix":1,"ks":{"a":0,"k":{"i":[[-0.065,-0.038],[-2.37,0],[-1.947,1.116],[-0.058,0.033],[0,0],[0,0],[0,0]],"o":[[1.911,1.107],[2.381,0],[0.056,-0.033],[0,0],[0,0],[0,0],[0.065,0.038]],"v":[[-6.286,-1.07],[-0.028,1.184],[6.311,-1.085],[6.483,-1.184],[6.399,-1.184],[-6.399,-1.184],[-6.483,-1.184]],"c":true},"ix":2},"nm":"Trazado 1","mn":"ADBE Vector Shape - Group","hd":false},{"ty":"fl","c":{"a":0,"k":[1,1,1,1],"ix":4},"o":{"a":0,"k":100,"ix":5},"r":1,"nm":"Relleno 1","mn":"ADBE Vector Graphic - Fill","hd":false},{"ty":"tr","p":{"a":0,"k":[62.795,1.434],"ix":2},"a":{"a":0,"k":[0,0],"ix":1},"s":{"a":0,"k":[100,100],"ix":3},"r":{"a":0,"k":0,"ix":6},"o":{"a":0,"k":100,"ix":7},"sk":{"a":0,"k":0,"ix":4},"sa":{"a":0,"k":0,"ix":5},"nm":"Transformar"}],"nm":"Grupo 1","np":2,"cix":2,"ix":1,"mn":"ADBE Vector Group","hd":false},{"ty":"gr","it":[{"ind":0,"ty":"sh","ix":1,"ks":{"a":0,"k":{"i":[[-0.071,-0.041],[-2.3,0],[-1.921,1.104],[-0.071,0.041],[0,0],[0,0],[0,0]],"o":[[1.931,1.104],[2.299,0],[0.07,-0.041],[0,0],[0,0],[0,0],[0.07,0.041]],"v":[[-6.217,-1.062],[0.012,1.184],[6.217,-1.062],[6.43,-1.184],[6.346,-1.184],[-6.346,-1.184],[-6.43,-1.184]],"c":true},"ix":2},"nm":"Trazado 1","mn":"ADBE Vector Shape - Group","hd":false},{"ty":"fl","c":{"a":0,"k":[1,1,1,1],"ix":4},"o":{"a":0,"k":100,"ix":5},"r":1,"nm":"Relleno 1","mn":"ADBE Vector Graphic - Fill","hd":false},{"ty":"tr","p":{"a":0,"k":[87.788,1.434],"ix":2},"a":{"a":0,"k":[0,0],"ix":1},"s":{"a":0,"k":[100,100],"ix":3},"r":{"a":0,"k":0,"ix":6},"o":{"a":0,"k":100,"ix":7},"sk":{"a":0,"k":0,"ix":4},"sa":{"a":0,"k":0,"ix":5},"nm":"Transformar"}],"nm":"Grupo 2","np":2,"cix":2,"ix":2,"mn":"ADBE Vector Group","hd":false},{"ty":"gr","it":[{"ind":0,"ty":"sh","ix":1,"ks":{"a":0,"k":{"i":[[-2.359,0],[-1.911,1.106],[-0.066,0.038],[0,0],[0,0],[0,0],[-0.058,-0.033]],"o":[[2.348,0],[0.066,-0.039],[0,0],[0,0],[0,0],[0.057,0.033],[1.956,1.116]],"v":[[0.04,1.184],[6.275,-1.068],[6.473,-1.184],[6.389,-1.184],[-6.389,-1.184],[-6.473,-1.184],[-6.299,-1.085]],"c":true},"ix":2},"nm":"Trazado 1","mn":"ADBE Vector Shape - Group","hd":false},{"ty":"fl","c":{"a":0,"k":[1,1,1,1],"ix":4},"o":{"a":0,"k":100,"ix":5},"r":1,"nm":"Relleno 1","mn":"ADBE Vector Graphic - Fill","hd":false},{"ty":"tr","p":{"a":0,"k":[12.748,1.434],"ix":2},"a":{"a":0,"k":[0,0],"ix":1},"s":{"a":0,"k":[100,100],"ix":3},"r":{"a":0,"k":0,"ix":6},"o":{"a":0,"k":100,"ix":7},"sk":{"a":0,"k":0,"ix":4},"sa":{"a":0,"k":0,"ix":5},"nm":"Transformar"}],"nm":"Grupo 3","np":2,"cix":2,"ix":3,"mn":"ADBE Vector Group","hd":false},{"ty":"gr","it":[{"ind":0,"ty":"sh","ix":1,"ks":{"a":0,"k":{"i":[[-0.062,-0.036],[-2.375,0],[-1.912,1.107],[-0.065,0.038],[0,0],[0,0],[0,0]],"o":[[1.931,1.11],[2.37,0],[0.065,-0.038],[0,0],[0,0],[0,0],[0.063,0.036]],"v":[[-6.285,-1.077],[0.018,1.184],[6.276,-1.07],[6.472,-1.184],[6.389,-1.184],[-6.388,-1.184],[-6.472,-1.184]],"c":true},"ix":2},"nm":"Trazado 1","mn":"ADBE Vector Shape - Group","hd":false},{"ty":"fl","c":{"a":0,"k":[1,1,1,1],"ix":4},"o":{"a":0,"k":100,"ix":5},"r":1,"nm":"Relleno 1","mn":"ADBE Vector Graphic - Fill","hd":false},{"ty":"tr","p":{"a":0,"k":[37.759,1.434],"ix":2},"a":{"a":0,"k":[0,0],"ix":1},"s":{"a":0,"k":[100,100],"ix":3},"r":{"a":0,"k":0,"ix":6},"o":{"a":0,"k":100,"ix":7},"sk":{"a":0,"k":0,"ix":4},"sa":{"a":0,"k":0,"ix":5},"nm":"Transformar"}],"nm":"Grupo 4","np":2,"cix":2,"ix":4,"mn":"ADBE Vector Group","hd":false},{"ty":"gr","it":[{"ind":0,"ty":"sh","ix":1,"ks":{"a":0,"k":{"i":[[-2.359,0],[-1.911,1.107],[-2.34,0],[-1.915,-1.1],[-2.375,0],[-1.912,1.108],[-2.358,0],[-1.908,-1.104],[-2.371,0],[-1.946,1.116],[-2.306,0],[-1.94,-1.11],[-2.3,0],[-1.921,1.103],[-2.321,0],[0,0],[0,0],[0,0],[1.935,-1.112],[2.288,0],[1.926,1.101],[2.332,0],[1.919,-1.099],[2.369,0],[1.907,1.104],[2.371,0],[1.911,-1.107],[2.359,0],[1.926,1.108],[2.346,0],[1.913,-1.108],[2.336,0],[1.952,1.113],[2.294,0],[0,0],[0,0],[0,0],[-1.926,-1.096]],"o":[[2.348,0],[1.908,-1.104],[2.335,0],[1.931,1.112],[2.37,0],[1.906,-1.104],[2.36,0],[1.911,1.108],[2.38,0],[1.914,-1.096],[2.32,0],[1.931,1.103],[2.3,0],[1.929,-1.11],[0,0],[0,0],[0,0],[-2.332,0],[-1.915,1.101],[-2.288,0],[-1.945,-1.112],[-2.317,0],[-1.942,1.113],[-2.36,0],[-1.911,-1.107],[-2.369,0],[-1.907,1.104],[-2.364,0],[-1.92,-1.104],[-2.351,0],[-1.906,1.104],[-2.348,0],[-1.93,-1.099],[0,0],[0,0],[0,0],[2.283,0],[1.956,1.116]],"v":[[-37.462,3.938],[-31.227,1.686],[-25.006,-0.562],[-18.776,1.678],[-12.473,3.938],[-6.215,1.685],[0.021,-0.562],[6.259,1.685],[12.517,3.938],[18.855,1.669],[25.055,-0.562],[31.321,1.693],[37.549,3.938],[43.755,1.693],[50,-0.562],[50,-0.604],[50,-3.896],[50,-3.938],[43.733,-1.676],[37.549,0.562],[31.342,-1.676],[25.055,-3.938],[18.835,-1.701],[12.517,0.562],[6.279,-1.684],[0.021,-3.938],[-6.236,-1.684],[-12.473,0.562],[-18.755,-1.691],[-25.006,-3.938],[-31.248,-1.684],[-37.462,0.562],[-43.781,-1.701],[-50,-3.938],[-50,-3.896],[-50,-0.604],[-50,-0.562],[-43.801,1.669]],"c":true},"ix":2},"nm":"Trazado 1","mn":"ADBE Vector Shape - Group","hd":false},{"ty":"fl","c":{"a":0,"k":[1,1,1,1],"ix":4},"o":{"a":0,"k":100,"ix":5},"r":1,"nm":"Relleno 1","mn":"ADBE Vector Graphic - Fill","hd":false},{"ty":"tr","p":{"a":0,"k":[50.25,5.346],"ix":2},"a":{"a":0,"k":[0,0],"ix":1},"s":{"a":0,"k":[100,100],"ix":3},"r":{"a":0,"k":0,"ix":6},"o":{"a":0,"k":100,"ix":7},"sk":{"a":0,"k":0,"ix":4},"sa":{"a":0,"k":0,"ix":5},"nm":"Transformar"}],"nm":"Grupo 5","np":2,"cix":2,"ix":5,"mn":"ADBE Vector Group","hd":false},{"ty":"gr","it":[{"ind":0,"ty":"sh","ix":1,"ks":{"a":0,"k":{"i":[[-2.359,0],[-1.911,1.107],[-2.34,0],[-1.915,-1.101],[-2.375,0],[-1.912,1.107],[-2.358,0],[-1.908,-1.104],[-2.371,0],[-1.946,1.116],[-2.306,0],[-1.94,-1.109],[-2.3,0],[-1.921,1.103],[-2.321,0],[0,0],[0,0],[0,0],[1.935,-1.112],[2.288,0],[1.926,1.1],[2.332,0],[1.919,-1.099],[2.369,0],[1.907,1.104],[2.371,0],[1.911,-1.107],[2.359,0],[1.926,1.108],[2.346,0],[1.913,-1.108],[2.336,0],[1.952,1.113],[2.294,0],[0,0],[0,0],[0,0],[-1.926,-1.096]],"o":[[2.348,0],[1.908,-1.105],[2.335,0],[1.931,1.112],[2.37,0],[1.906,-1.104],[2.36,0],[1.911,1.107],[2.38,0],[1.914,-1.096],[2.32,0],[1.931,1.103],[2.3,0],[1.929,-1.109],[0,0],[0,0],[0,0],[-2.332,0],[-1.915,1.1],[-2.288,0],[-1.945,-1.112],[-2.317,0],[-1.942,1.113],[-2.36,0],[-1.911,-1.107],[-2.369,0],[-1.907,1.104],[-2.364,0],[-1.92,-1.104],[-2.351,0],[-1.906,1.104],[-2.348,0],[-1.93,-1.1],[0,0],[0,0],[0,0],[2.283,0],[1.956,1.116]],"v":[[-37.462,3.938],[-31.227,1.686],[-25.006,-0.562],[-18.776,1.678],[-12.473,3.938],[-6.215,1.685],[0.021,-0.562],[6.259,1.685],[12.517,3.938],[18.855,1.669],[25.055,-0.562],[31.321,1.693],[37.549,3.938],[43.755,1.693],[50,-0.562],[50,-0.605],[50,-3.896],[50,-3.938],[43.733,-1.676],[37.549,0.562],[31.342,-1.676],[25.055,-3.938],[18.835,-1.701],[12.517,0.562],[6.279,-1.684],[0.021,-3.938],[-6.236,-1.684],[-12.473,0.562],[-18.755,-1.691],[-25.006,-3.938],[-31.248,-1.684],[-37.462,0.562],[-43.781,-1.701],[-50,-3.938],[-50,-3.896],[-50,-0.605],[-50,-0.562],[-43.801,1.669]],"c":true},"ix":2},"nm":"Trazado 1","mn":"ADBE Vector Shape - Group","hd":false},{"ty":"fl","c":{"a":0,"k":[1,1,1,1],"ix":4},"o":{"a":0,"k":100,"ix":5},"r":1,"nm":"Relleno 1","mn":"ADBE Vector Graphic - Fill","hd":false},{"ty":"tr","p":{"a":0,"k":[50.25,12.013],"ix":2},"a":{"a":0,"k":[0,0],"ix":1},"s":{"a":0,"k":[100,100],"ix":3},"r":{"a":0,"k":0,"ix":6},"o":{"a":0,"k":100,"ix":7},"sk":{"a":0,"k":0,"ix":4},"sa":{"a":0,"k":0,"ix":5},"nm":"Transformar"}],"nm":"Grupo 6","np":2,"cix":2,"ix":6,"mn":"ADBE Vector Group","hd":false},{"ty":"gr","it":[{"ind":0,"ty":"sh","ix":1,"ks":{"a":0,"k":{"i":[[-2.359,0],[-1.911,1.106],[-2.34,0],[-1.915,-1.101],[-2.375,0],[-1.912,1.107],[-2.358,0],[-1.908,-1.105],[-2.371,0],[-1.946,1.116],[-2.306,0],[-1.94,-1.109],[-2.3,0],[-1.921,1.103],[-2.321,0],[0,0],[0,0],[0,0],[1.935,-1.113],[2.288,0],[1.926,1.1],[2.332,0],[1.919,-1.099],[2.369,0],[1.907,1.105],[2.371,0],[1.911,-1.107],[2.359,0],[1.926,1.109],[2.346,0],[1.913,-1.107],[2.336,0],[1.952,1.114],[2.294,0],[0,0],[0,0],[0,0],[-1.926,-1.097]],"o":[[2.348,0],[1.908,-1.105],[2.335,0],[1.931,1.111],[2.37,0],[1.906,-1.105],[2.36,0],[1.911,1.107],[2.38,0],[1.914,-1.097],[2.32,0],[1.931,1.103],[2.3,0],[1.929,-1.109],[0,0],[0,0],[0,0],[-2.332,0],[-1.915,1.1],[-2.288,0],[-1.945,-1.113],[-2.317,0],[-1.942,1.114],[-2.36,0],[-1.911,-1.107],[-2.369,0],[-1.907,1.105],[-2.364,0],[-1.92,-1.103],[-2.351,0],[-1.906,1.104],[-2.348,0],[-1.93,-1.099],[0,0],[0,0],[0,0],[2.283,0],[1.956,1.116]],"v":[[-37.462,3.938],[-31.227,1.686],[-25.006,-0.562],[-18.776,1.678],[-12.473,3.938],[-6.215,1.685],[0.021,-0.562],[6.259,1.685],[12.517,3.938],[18.855,1.669],[25.055,-0.562],[31.321,1.693],[37.549,3.938],[43.755,1.693],[50,-0.562],[50,-0.605],[50,-3.896],[50,-3.938],[43.733,-1.676],[37.549,0.562],[31.342,-1.676],[25.055,-3.938],[18.835,-1.702],[12.517,0.562],[6.279,-1.686],[0.021,-3.938],[-6.236,-1.686],[-12.473,0.562],[-18.755,-1.693],[-25.006,-3.938],[-31.248,-1.684],[-37.462,0.562],[-43.781,-1.702],[-50,-3.938],[-50,-3.896],[-50,-0.605],[-50,-0.562],[-43.801,1.669]],"c":true},"ix":2},"nm":"Trazado 1","mn":"ADBE Vector Shape - Group","hd":false},{"ty":"fl","c":{"a":0,"k":[1,1,1,1],"ix":4},"o":{"a":0,"k":100,"ix":5},"r":1,"nm":"Relleno 1","mn":"ADBE Vector Graphic - Fill","hd":false},{"ty":"tr","p":{"a":0,"k":[50.25,18.68],"ix":2},"a":{"a":0,"k":[0,0],"ix":1},"s":{"a":0,"k":[100,100],"ix":3},"r":{"a":0,"k":0,"ix":6},"o":{"a":0,"k":100,"ix":7},"sk":{"a":0,"k":0,"ix":4},"sa":{"a":0,"k":0,"ix":5},"nm":"Transformar"}],"nm":"Grupo 7","np":2,"cix":2,"ix":7,"mn":"ADBE Vector Group","hd":false},{"ty":"gr","it":[{"ind":0,"ty":"sh","ix":1,"ks":{"a":0,"k":{"i":[[-2.359,0],[-1.911,1.107],[-2.34,0],[-1.915,-1.1],[-2.375,0],[-1.912,1.108],[-2.358,0],[-1.908,-1.104],[-2.371,0],[-1.946,1.116],[-2.306,0],[-1.94,-1.11],[-2.3,0],[-1.921,1.103],[-2.321,0],[0,0],[0,0],[0,0],[1.935,-1.112],[2.288,0],[1.926,1.101],[2.332,0],[1.919,-1.099],[2.369,0],[1.907,1.104],[2.371,0],[1.911,-1.107],[2.359,0],[1.926,1.108],[2.346,0],[1.913,-1.108],[2.336,0],[1.952,1.113],[2.294,0],[0,0],[0,0],[0,0],[-1.926,-1.096]],"o":[[2.348,0],[1.908,-1.104],[2.335,0],[1.931,1.112],[2.37,0],[1.906,-1.104],[2.36,0],[1.911,1.108],[2.38,0],[1.914,-1.096],[2.32,0],[1.931,1.103],[2.3,0],[1.929,-1.11],[0,0],[0,0],[0,0],[-2.332,0],[-1.915,1.101],[-2.288,0],[-1.945,-1.112],[-2.317,0],[-1.942,1.113],[-2.36,0],[-1.911,-1.107],[-2.369,0],[-1.907,1.104],[-2.364,0],[-1.92,-1.104],[-2.351,0],[-1.906,1.104],[-2.348,0],[-1.93,-1.099],[0,0],[0,0],[0,0],[2.283,0],[1.956,1.116]],"v":[[-37.462,3.938],[-31.227,1.686],[-25.006,-0.562],[-18.776,1.678],[-12.473,3.938],[-6.215,1.685],[0.021,-0.562],[6.259,1.685],[12.517,3.938],[18.855,1.669],[25.055,-0.562],[31.321,1.693],[37.549,3.938],[43.755,1.693],[50,-0.562],[50,-0.604],[50,-3.896],[50,-3.938],[43.733,-1.676],[37.549,0.562],[31.342,-1.676],[25.055,-3.938],[18.835,-1.701],[12.517,0.562],[6.279,-1.684],[0.021,-3.938],[-6.236,-1.684],[-12.473,0.562],[-18.755,-1.691],[-25.006,-3.938],[-31.248,-1.684],[-37.462,0.562],[-43.781,-1.701],[-50,-3.938],[-50,-3.896],[-50,-0.604],[-50,-0.562],[-43.801,1.669]],"c":true},"ix":2},"nm":"Trazado 1","mn":"ADBE Vector Shape - Group","hd":false},{"ty":"fl","c":{"a":0,"k":[1,1,1,1],"ix":4},"o":{"a":0,"k":100,"ix":5},"r":1,"nm":"Relleno 1","mn":"ADBE Vector Graphic - Fill","hd":false},{"ty":"tr","p":{"a":0,"k":[50.25,25.346],"ix":2},"a":{"a":0,"k":[0,0],"ix":1},"s":{"a":0,"k":[100,100],"ix":3},"r":{"a":0,"k":0,"ix":6},"o":{"a":0,"k":100,"ix":7},"sk":{"a":0,"k":0,"ix":4},"sa":{"a":0,"k":0,"ix":5},"nm":"Transformar"}],"nm":"Grupo 8","np":2,"cix":2,"ix":8,"mn":"ADBE Vector Group","hd":false},{"ty":"gr","it":[{"ind":0,"ty":"sh","ix":1,"ks":{"a":0,"k":{"i":[[-2.359,0],[-1.911,1.107],[-2.34,0],[-1.915,-1.101],[-2.375,0],[-1.912,1.107],[-2.358,0],[-1.908,-1.104],[-2.371,0],[-1.946,1.116],[-2.306,0],[-1.94,-1.109],[-2.3,0],[-1.921,1.103],[-2.321,0],[0,0],[0,0],[0,0],[1.935,-1.112],[2.288,0],[1.926,1.1],[2.332,0],[1.919,-1.099],[2.369,0],[1.907,1.104],[2.371,0],[1.911,-1.107],[2.359,0],[1.926,1.108],[2.346,0],[1.913,-1.108],[2.336,0],[1.952,1.113],[2.294,0],[0,0],[0,0],[0,0],[-1.926,-1.096]],"o":[[2.348,0],[1.908,-1.105],[2.335,0],[1.931,1.112],[2.37,0],[1.906,-1.104],[2.36,0],[1.911,1.107],[2.38,0],[1.914,-1.096],[2.32,0],[1.931,1.103],[2.3,0],[1.929,-1.109],[0,0],[0,0],[0,0],[-2.332,0],[-1.915,1.1],[-2.288,0],[-1.945,-1.112],[-2.317,0],[-1.942,1.113],[-2.36,0],[-1.911,-1.107],[-2.369,0],[-1.907,1.104],[-2.364,0],[-1.92,-1.104],[-2.351,0],[-1.906,1.104],[-2.348,0],[-1.93,-1.1],[0,0],[0,0],[0,0],[2.283,0],[1.956,1.116]],"v":[[-37.462,3.938],[-31.227,1.686],[-25.006,-0.562],[-18.776,1.678],[-12.473,3.938],[-6.215,1.685],[0.021,-0.562],[6.259,1.685],[12.517,3.938],[18.855,1.669],[25.055,-0.562],[31.321,1.693],[37.549,3.938],[43.755,1.693],[50,-0.562],[50,-0.605],[50,-3.896],[50,-3.938],[43.733,-1.676],[37.549,0.562],[31.342,-1.676],[25.055,-3.938],[18.835,-1.701],[12.517,0.562],[6.279,-1.684],[0.021,-3.938],[-6.236,-1.684],[-12.473,0.562],[-18.755,-1.691],[-25.006,-3.938],[-31.248,-1.684],[-37.462,0.562],[-43.781,-1.701],[-50,-3.938],[-50,-3.896],[-50,-0.605],[-50,-0.562],[-43.801,1.669]],"c":true},"ix":2},"nm":"Trazado 1","mn":"ADBE Vector Shape - Group","hd":false},{"ty":"fl","c":{"a":0,"k":[1,1,1,1],"ix":4},"o":{"a":0,"k":100,"ix":5},"r":1,"nm":"Relleno 1","mn":"ADBE Vector Graphic - Fill","hd":false},{"ty":"tr","p":{"a":0,"k":[50.25,32.013],"ix":2},"a":{"a":0,"k":[0,0],"ix":1},"s":{"a":0,"k":[100,100],"ix":3},"r":{"a":0,"k":0,"ix":6},"o":{"a":0,"k":100,"ix":7},"sk":{"a":0,"k":0,"ix":4},"sa":{"a":0,"k":0,"ix":5},"nm":"Transformar"}],"nm":"Grupo 9","np":2,"cix":2,"ix":9,"mn":"ADBE Vector Group","hd":false},{"ty":"gr","it":[{"ind":0,"ty":"sh","ix":1,"ks":{"a":0,"k":{"i":[[-2.359,0],[-1.911,1.106],[-2.34,0],[-1.915,-1.101],[-2.375,0],[-1.912,1.107],[-2.358,0],[-1.908,-1.105],[-2.371,0],[-1.946,1.116],[-2.306,0],[-1.94,-1.109],[-2.3,0],[-1.921,1.103],[-2.321,0],[0,0],[0,0],[0,0],[1.935,-1.113],[2.288,0],[1.926,1.1],[2.332,0],[1.919,-1.099],[2.369,0],[1.907,1.105],[2.371,0],[1.911,-1.107],[2.359,0],[1.926,1.109],[2.346,0],[1.913,-1.107],[2.336,0],[1.952,1.114],[2.294,0],[0,0],[0,0],[0,0],[-1.926,-1.097]],"o":[[2.348,0],[1.908,-1.105],[2.335,0],[1.931,1.111],[2.37,0],[1.906,-1.105],[2.36,0],[1.911,1.107],[2.38,0],[1.914,-1.097],[2.32,0],[1.931,1.103],[2.3,0],[1.929,-1.109],[0,0],[0,0],[0,0],[-2.332,0],[-1.915,1.1],[-2.288,0],[-1.945,-1.113],[-2.317,0],[-1.942,1.114],[-2.36,0],[-1.911,-1.107],[-2.369,0],[-1.907,1.105],[-2.364,0],[-1.92,-1.103],[-2.351,0],[-1.906,1.104],[-2.348,0],[-1.93,-1.099],[0,0],[0,0],[0,0],[2.283,0],[1.956,1.116]],"v":[[-37.462,3.938],[-31.227,1.686],[-25.006,-0.562],[-18.776,1.678],[-12.473,3.938],[-6.215,1.685],[0.021,-0.562],[6.259,1.685],[12.517,3.938],[18.855,1.669],[25.055,-0.562],[31.321,1.693],[37.549,3.938],[43.755,1.693],[50,-0.562],[50,-0.605],[50,-3.896],[50,-3.938],[43.733,-1.676],[37.549,0.562],[31.342,-1.676],[25.055,-3.938],[18.835,-1.702],[12.517,0.562],[6.279,-1.686],[0.021,-3.938],[-6.236,-1.686],[-12.473,0.562],[-18.755,-1.693],[-25.006,-3.938],[-31.248,-1.684],[-37.462,0.562],[-43.781,-1.702],[-50,-3.938],[-50,-3.896],[-50,-0.605],[-50,-0.562],[-43.801,1.669]],"c":true},"ix":2},"nm":"Trazado 1","mn":"ADBE Vector Shape - Group","hd":false},{"ty":"fl","c":{"a":0,"k":[1,1,1,1],"ix":4},"o":{"a":0,"k":100,"ix":5},"r":1,"nm":"Relleno 1","mn":"ADBE Vector Graphic - Fill","hd":false},{"ty":"tr","p":{"a":0,"k":[50.25,38.68],"ix":2},"a":{"a":0,"k":[0,0],"ix":1},"s":{"a":0,"k":[100,100],"ix":3},"r":{"a":0,"k":0,"ix":6},"o":{"a":0,"k":100,"ix":7},"sk":{"a":0,"k":0,"ix":4},"sa":{"a":0,"k":0,"ix":5},"nm":"Transformar"}],"nm":"Grupo 10","np":2,"cix":2,"ix":10,"mn":"ADBE Vector Group","hd":false}],"ip":24,"op":100,"st":24,"bm":0},{"ddd":0,"ind":4,"ty":4,"nm":"mask 1 contornos","td":1,"sr":1,"ks":{"o":{"a":0,"k":100,"ix":11},"r":{"a":0,"k":0,"ix":10},"p":{"a":0,"k":[80,49.861,0],"ix":2},"a":{"a":0,"k":[37.787,42.683,0],"ix":1},"s":{"a":1,"k":[{"i":{"x":[0.303,0.303,0.667],"y":[1,1,1]},"o":{"x":[0.333,0.333,0.333],"y":[0,0,0]},"n":["0p303_1_0p333_0","0p303_1_0p333_0","0p667_1_0p333_0"],"t":24,"s":[0,0,100],"e":[100,100,100]},{"i":{"x":[0.667,0.667,0.667],"y":[1,1,1]},"o":{"x":[0.333,0.333,0.333],"y":[0,0,0]},"n":["0p667_1_0p333_0","0p667_1_0p333_0","0p667_1_0p333_0"],"t":44,"s":[100,100,100],"e":[100,100,100]},{"i":{"x":[0.667,0.667,0.667],"y":[1,1,1]},"o":{"x":[0.694,0.694,0.333],"y":[0,0,0]},"n":["0p667_1_0p694_0","0p667_1_0p694_0","0p667_1_0p333_0"],"t":77,"s":[100,100,100],"e":[0,0,100]},{"t":100}],"ix":6}},"ao":0,"shapes":[{"ty":"gr","it":[{"ind":0,"ty":"sh","ix":1,"ks":{"a":0,"k":{"i":[[0,0],[0,0],[0,0]],"o":[[0,0],[0,0],[0,0]],"v":[[-37.537,21.183],[0.001,-21.183],[37.538,21.183]],"c":true},"ix":2},"nm":"Trazado 1","mn":"ADBE Vector Shape - Group","hd":false},{"ty":"fl","c":{"a":0,"k":[0.3125,0.0924,0.7876,1],"ix":4},"o":{"a":0,"k":100,"ix":5},"r":1,"nm":"Relleno 1","mn":"ADBE Vector Graphic - Fill","hd":false},{"ty":"tr","p":{"a":0,"k":[37.787,21.433],"ix":2},"a":{"a":0,"k":[0,0],"ix":1},"s":{"a":0,"k":[100,100],"ix":3},"r":{"a":0,"k":0,"ix":6},"o":{"a":0,"k":100,"ix":7},"sk":{"a":0,"k":0,"ix":4},"sa":{"a":0,"k":0,"ix":5},"nm":"Transformar"}],"nm":"Grupo 1","np":2,"cix":2,"ix":1,"mn":"ADBE Vector Group","hd":false}],"ip":24,"op":100,"st":24,"bm":0},{"ddd":0,"ind":5,"ty":4,"nm":"wave 1 contornos","tt":1,"sr":1,"ks":{"o":{"a":0,"k":100,"ix":11},"r":{"a":0,"k":0,"ix":10},"p":{"a":1,"k":[{"i":{"x":0.833,"y":0.833},"o":{"x":0.167,"y":0.167},"n":"0p833_0p833_0p167_0p167","t":24,"s":[67.5,28.611,0],"e":[92.5,28.611,0],"to":[4.16666650772095,0,0],"ti":[-4.16666650772095,0,0]},{"t":100}],"ix":2},"a":{"a":0,"k":[50.25,21.433,0],"ix":1},"s":{"a":0,"k":[100,100,100],"ix":6}},"ao":0,"shapes":[{"ty":"gr","it":[{"ind":0,"ty":"sh","ix":1,"ks":{"a":0,"k":{"i":[[0.065,0.038],[2.37,0],[1.947,-1.116],[0,0],[0,0],[0,0],[0,0]],"o":[[-1.911,-1.107],[-2.382,0],[0,0],[0,0],[0,0],[0,0],[-0.066,-0.038]],"v":[[6.286,1.069],[0.029,-1.183],[-6.312,1.085],[-6.482,1.183],[-6.398,1.183],[6.398,1.183],[6.482,1.183]],"c":true},"ix":2},"nm":"Trazado 1","mn":"ADBE Vector Shape - Group","hd":false},{"ty":"fl","c":{"a":0,"k":[1,1,1,1],"ix":4},"o":{"a":0,"k":100,"ix":5},"r":1,"nm":"Relleno 1","mn":"ADBE Vector Graphic - Fill","hd":false},{"ty":"tr","p":{"a":0,"k":[37.706,41.434],"ix":2},"a":{"a":0,"k":[0,0],"ix":1},"s":{"a":0,"k":[100,100],"ix":3},"r":{"a":0,"k":0,"ix":6},"o":{"a":0,"k":100,"ix":7},"sk":{"a":0,"k":0,"ix":4},"sa":{"a":0,"k":0,"ix":5},"nm":"Transformar"}],"nm":"Grupo 1","np":2,"cix":2,"ix":1,"mn":"ADBE Vector Group","hd":false},{"ty":"gr","it":[{"ind":0,"ty":"sh","ix":1,"ks":{"a":0,"k":{"i":[[0.071,0.041],[2.3,0],[1.921,-1.104],[0.071,-0.041],[0,0],[0,0],[0,0]],"o":[[-1.931,-1.104],[-2.299,0],[-0.07,0.041],[0,0],[0,0],[0,0],[-0.071,-0.041]],"v":[[6.217,1.061],[-0.012,-1.184],[-6.217,1.061],[-6.43,1.184],[-6.346,1.184],[6.346,1.184],[6.43,1.184]],"c":true},"ix":2},"nm":"Trazado 1","mn":"ADBE Vector Shape - Group","hd":false},{"ty":"fl","c":{"a":0,"k":[1,1,1,1],"ix":4},"o":{"a":0,"k":100,"ix":5},"r":1,"nm":"Relleno 1","mn":"ADBE Vector Graphic - Fill","hd":false},{"ty":"tr","p":{"a":0,"k":[12.712,41.433],"ix":2},"a":{"a":0,"k":[0,0],"ix":1},"s":{"a":0,"k":[100,100],"ix":3},"r":{"a":0,"k":0,"ix":6},"o":{"a":0,"k":100,"ix":7},"sk":{"a":0,"k":0,"ix":4},"sa":{"a":0,"k":0,"ix":5},"nm":"Transformar"}],"nm":"Grupo 2","np":2,"cix":2,"ix":2,"mn":"ADBE Vector Group","hd":false},{"ty":"gr","it":[{"ind":0,"ty":"sh","ix":1,"ks":{"a":0,"k":{"i":[[2.359,0],[1.911,-1.107],[0.067,-0.038],[0,0],[0,0],[0,0],[0.056,0.032]],"o":[[-2.348,0],[-0.066,0.038],[0,0],[0,0],[0,0],[-0.058,-0.033],[-1.957,-1.116]],"v":[[-0.039,-1.183],[-6.274,1.069],[-6.473,1.183],[-6.389,1.183],[6.389,1.183],[6.473,1.183],[6.301,1.086]],"c":true},"ix":2},"nm":"Trazado 1","mn":"ADBE Vector Shape - Group","hd":false},{"ty":"fl","c":{"a":0,"k":[1,1,1,1],"ix":4},"o":{"a":0,"k":100,"ix":5},"r":1,"nm":"Relleno 1","mn":"ADBE Vector Graphic - Fill","hd":false},{"ty":"tr","p":{"a":0,"k":[87.751,41.433],"ix":2},"a":{"a":0,"k":[0,0],"ix":1},"s":{"a":0,"k":[100,100],"ix":3},"r":{"a":0,"k":0,"ix":6},"o":{"a":0,"k":100,"ix":7},"sk":{"a":0,"k":0,"ix":4},"sa":{"a":0,"k":0,"ix":5},"nm":"Transformar"}],"nm":"Grupo 3","np":2,"cix":2,"ix":3,"mn":"ADBE Vector Group","hd":false},{"ty":"gr","it":[{"ind":0,"ty":"sh","ix":1,"ks":{"a":0,"k":{"i":[[0.062,0.036],[2.375,0],[1.912,-1.107],[0.066,-0.038],[0,0],[0,0],[0,0]],"o":[[-1.932,-1.111],[-2.37,0],[-0.065,0.038],[0,0],[0,0],[0,0],[-0.062,-0.036]],"v":[[6.286,1.076],[-0.018,-1.183],[-6.276,1.069],[-6.472,1.183],[-6.389,1.183],[6.389,1.183],[6.472,1.183]],"c":true},"ix":2},"nm":"Trazado 1","mn":"ADBE Vector Shape - Group","hd":false},{"ty":"fl","c":{"a":0,"k":[1,1,1,1],"ix":4},"o":{"a":0,"k":100,"ix":5},"r":1,"nm":"Relleno 1","mn":"ADBE Vector Graphic - Fill","hd":false},{"ty":"tr","p":{"a":0,"k":[62.74,41.433],"ix":2},"a":{"a":0,"k":[0,0],"ix":1},"s":{"a":0,"k":[100,100],"ix":3},"r":{"a":0,"k":0,"ix":6},"o":{"a":0,"k":100,"ix":7},"sk":{"a":0,"k":0,"ix":4},"sa":{"a":0,"k":0,"ix":5},"nm":"Transformar"}],"nm":"Grupo 4","np":2,"cix":2,"ix":4,"mn":"ADBE Vector Group","hd":false},{"ty":"gr","it":[{"ind":0,"ty":"sh","ix":1,"ks":{"a":0,"k":{"i":[[2.359,0],[1.911,-1.107],[2.34,0],[1.915,1.101],[2.375,0],[1.911,-1.107],[2.358,0],[1.907,1.105],[2.37,0],[1.946,-1.116],[2.305,0],[1.94,1.109],[2.3,0],[1.921,-1.103],[2.321,0],[0,0],[0,0],[0,0],[-1.934,1.112],[-2.288,0],[-1.926,-1.1],[-2.332,0],[-1.92,1.1],[-2.37,0],[-1.907,-1.105],[-2.371,0],[-1.912,1.107],[-2.359,0],[-1.926,-1.108],[-2.347,0],[-1.913,1.107],[-2.336,0],[-1.952,-1.113],[-2.294,0],[0,0],[0,0],[0,0],[1.925,1.097]],"o":[[-2.348,0],[-1.908,1.105],[-2.335,0],[-1.931,-1.111],[-2.37,0],[-1.906,1.105],[-2.359,0],[-1.911,-1.107],[-2.381,0],[-1.915,1.097],[-2.321,0],[-1.931,-1.103],[-2.299,0],[-1.929,1.109],[0,0],[0,0],[0,0],[2.332,0],[1.916,-1.1],[2.289,0],[1.945,1.112],[2.316,0],[1.941,-1.113],[2.359,0],[1.911,1.107],[2.37,0],[1.907,-1.105],[2.364,0],[1.92,1.104],[2.352,0],[1.906,-1.105],[2.349,0],[1.93,1.1],[0,0],[0,0],[0,0],[-2.283,0],[-1.957,-1.116]],"v":[[37.462,-3.938],[31.227,-1.686],[25.006,0.562],[18.776,-1.678],[12.473,-3.938],[6.215,-1.684],[-0.021,0.562],[-6.259,-1.684],[-12.516,-3.938],[-18.855,-1.669],[-25.054,0.562],[-31.321,-1.693],[-37.549,-3.938],[-43.755,-1.693],[-50,0.562],[-50,0.605],[-50,3.896],[-50,3.938],[-43.734,1.677],[-37.549,-0.562],[-31.342,1.677],[-25.054,3.938],[-18.834,1.701],[-12.516,-0.562],[-6.279,1.686],[-0.021,3.938],[6.236,1.686],[12.473,-0.562],[18.755,1.692],[25.006,3.938],[31.248,1.685],[37.462,-0.562],[43.781,1.701],[50,3.938],[50,3.896],[50,0.605],[50,0.562],[43.802,-1.669]],"c":true},"ix":2},"nm":"Trazado 1","mn":"ADBE Vector Shape - Group","hd":false},{"ty":"fl","c":{"a":0,"k":[1,1,1,1],"ix":4},"o":{"a":0,"k":100,"ix":5},"r":1,"nm":"Relleno 1","mn":"ADBE Vector Graphic - Fill","hd":false},{"ty":"tr","p":{"a":0,"k":[50.25,37.521],"ix":2},"a":{"a":0,"k":[0,0],"ix":1},"s":{"a":0,"k":[100,100],"ix":3},"r":{"a":0,"k":0,"ix":6},"o":{"a":0,"k":100,"ix":7},"sk":{"a":0,"k":0,"ix":4},"sa":{"a":0,"k":0,"ix":5},"nm":"Transformar"}],"nm":"Grupo 5","np":2,"cix":2,"ix":5,"mn":"ADBE Vector Group","hd":false},{"ty":"gr","it":[{"ind":0,"ty":"sh","ix":1,"ks":{"a":0,"k":{"i":[[2.359,0],[1.911,-1.107],[2.34,0],[1.915,1.101],[2.375,0],[1.911,-1.108],[2.358,0],[1.907,1.104],[2.37,0],[1.946,-1.116],[2.305,0],[1.94,1.109],[2.3,0],[1.921,-1.104],[2.321,0],[0,0],[0,0],[0,0],[-1.934,1.112],[-2.288,0],[-1.926,-1.101],[-2.332,0],[-1.92,1.1],[-2.37,0],[-1.907,-1.104],[-2.371,0],[-1.912,1.108],[-2.359,0],[-1.926,-1.108],[-2.347,0],[-1.913,1.108],[-2.336,0],[-1.952,-1.113],[-2.294,0],[0,0],[0,0],[0,0],[1.925,1.097]],"o":[[-2.348,0],[-1.908,1.105],[-2.335,0],[-1.931,-1.111],[-2.37,0],[-1.906,1.104],[-2.359,0],[-1.911,-1.108],[-2.381,0],[-1.915,1.097],[-2.321,0],[-1.931,-1.104],[-2.299,0],[-1.929,1.109],[0,0],[0,0],[0,0],[2.332,0],[1.916,-1.101],[2.289,0],[1.945,1.112],[2.316,0],[1.941,-1.113],[2.359,0],[1.911,1.107],[2.37,0],[1.907,-1.104],[2.364,0],[1.92,1.104],[2.352,0],[1.906,-1.104],[2.349,0],[1.93,1.1],[0,0],[0,0],[0,0],[-2.283,0],[-1.957,-1.116]],"v":[[37.462,-3.938],[31.227,-1.686],[25.006,0.562],[18.776,-1.678],[12.473,-3.938],[6.215,-1.684],[-0.021,0.562],[-6.259,-1.684],[-12.516,-3.938],[-18.855,-1.669],[-25.054,0.562],[-31.321,-1.693],[-37.549,-3.938],[-43.755,-1.693],[-50,0.562],[-50,0.605],[-50,3.896],[-50,3.938],[-43.734,1.677],[-37.549,-0.562],[-31.342,1.677],[-25.054,3.938],[-18.834,1.701],[-12.516,-0.562],[-6.279,1.685],[-0.021,3.938],[6.236,1.685],[12.473,-0.562],[18.755,1.692],[25.006,3.938],[31.248,1.684],[37.462,-0.562],[43.781,1.701],[50,3.938],[50,3.896],[50,0.605],[50,0.562],[43.802,-1.669]],"c":true},"ix":2},"nm":"Trazado 1","mn":"ADBE Vector Shape - Group","hd":false},{"ty":"fl","c":{"a":0,"k":[1,1,1,1],"ix":4},"o":{"a":0,"k":100,"ix":5},"r":1,"nm":"Relleno 1","mn":"ADBE Vector Graphic - Fill","hd":false},{"ty":"tr","p":{"a":0,"k":[50.25,30.854],"ix":2},"a":{"a":0,"k":[0,0],"ix":1},"s":{"a":0,"k":[100,100],"ix":3},"r":{"a":0,"k":0,"ix":6},"o":{"a":0,"k":100,"ix":7},"sk":{"a":0,"k":0,"ix":4},"sa":{"a":0,"k":0,"ix":5},"nm":"Transformar"}],"nm":"Grupo 6","np":2,"cix":2,"ix":6,"mn":"ADBE Vector Group","hd":false},{"ty":"gr","it":[{"ind":0,"ty":"sh","ix":1,"ks":{"a":0,"k":{"i":[[2.359,0],[1.911,-1.107],[2.34,0],[1.915,1.102],[2.375,0],[1.911,-1.107],[2.358,0],[1.907,1.105],[2.37,0],[1.946,-1.115],[2.305,0],[1.94,1.109],[2.3,0],[1.921,-1.104],[2.321,0],[0,0],[0,0],[0,0],[-1.934,1.112],[-2.288,0],[-1.926,-1.101],[-2.332,0],[-1.92,1.099],[-2.37,0],[-1.907,-1.105],[-2.371,0],[-1.912,1.107],[-2.359,0],[-1.926,-1.108],[-2.347,0],[-1.913,1.108],[-2.336,0],[-1.952,-1.113],[-2.294,0],[0,0],[0,0],[0,0],[1.925,1.096]],"o":[[-2.348,0],[-1.908,1.105],[-2.335,0],[-1.931,-1.111],[-2.37,0],[-1.906,1.105],[-2.359,0],[-1.911,-1.107],[-2.381,0],[-1.915,1.097],[-2.321,0],[-1.931,-1.104],[-2.299,0],[-1.929,1.109],[0,0],[0,0],[0,0],[2.332,0],[1.916,-1.101],[2.289,0],[1.945,1.112],[2.316,0],[1.941,-1.113],[2.359,0],[1.911,1.107],[2.37,0],[1.907,-1.105],[2.364,0],[1.92,1.104],[2.352,0],[1.906,-1.104],[2.349,0],[1.93,1.1],[0,0],[0,0],[0,0],[-2.283,0],[-1.957,-1.116]],"v":[[37.462,-3.938],[31.227,-1.685],[25.006,0.562],[18.776,-1.678],[12.473,-3.938],[6.215,-1.685],[-0.021,0.562],[-6.259,-1.685],[-12.516,-3.938],[-18.855,-1.669],[-25.054,0.562],[-31.321,-1.692],[-37.549,-3.938],[-43.755,-1.692],[-50,0.562],[-50,0.605],[-50,3.896],[-50,3.938],[-43.734,1.677],[-37.549,-0.562],[-31.342,1.677],[-25.054,3.938],[-18.834,1.701],[-12.516,-0.562],[-6.279,1.685],[-0.021,3.938],[6.236,1.685],[12.473,-0.562],[18.755,1.692],[25.006,3.938],[31.248,1.684],[37.462,-0.562],[43.781,1.701],[50,3.938],[50,3.896],[50,0.605],[50,0.562],[43.802,-1.668]],"c":true},"ix":2},"nm":"Trazado 1","mn":"ADBE Vector Shape - Group","hd":false},{"ty":"fl","c":{"a":0,"k":[1,1,1,1],"ix":4},"o":{"a":0,"k":100,"ix":5},"r":1,"nm":"Relleno 1","mn":"ADBE Vector Graphic - Fill","hd":false},{"ty":"tr","p":{"a":0,"k":[50.25,24.188],"ix":2},"a":{"a":0,"k":[0,0],"ix":1},"s":{"a":0,"k":[100,100],"ix":3},"r":{"a":0,"k":0,"ix":6},"o":{"a":0,"k":100,"ix":7},"sk":{"a":0,"k":0,"ix":4},"sa":{"a":0,"k":0,"ix":5},"nm":"Transformar"}],"nm":"Grupo 7","np":2,"cix":2,"ix":7,"mn":"ADBE Vector Group","hd":false},{"ty":"gr","it":[{"ind":0,"ty":"sh","ix":1,"ks":{"a":0,"k":{"i":[[2.359,0],[1.911,-1.107],[2.34,0],[1.915,1.101],[2.375,0],[1.911,-1.107],[2.358,0],[1.907,1.105],[2.37,0],[1.946,-1.116],[2.305,0],[1.94,1.109],[2.3,0],[1.921,-1.103],[2.321,0],[0,0],[0,0],[0,0],[-1.934,1.112],[-2.288,0],[-1.926,-1.1],[-2.332,0],[-1.92,1.1],[-2.37,0],[-1.907,-1.105],[-2.371,0],[-1.912,1.107],[-2.359,0],[-1.926,-1.108],[-2.347,0],[-1.913,1.107],[-2.336,0],[-1.952,-1.113],[-2.294,0],[0,0],[0,0],[0,0],[1.925,1.097]],"o":[[-2.348,0],[-1.908,1.105],[-2.335,0],[-1.931,-1.111],[-2.37,0],[-1.906,1.105],[-2.359,0],[-1.911,-1.107],[-2.381,0],[-1.915,1.097],[-2.321,0],[-1.931,-1.103],[-2.299,0],[-1.929,1.109],[0,0],[0,0],[0,0],[2.332,0],[1.916,-1.1],[2.289,0],[1.945,1.112],[2.316,0],[1.941,-1.113],[2.359,0],[1.911,1.107],[2.37,0],[1.907,-1.105],[2.364,0],[1.92,1.104],[2.352,0],[1.906,-1.105],[2.349,0],[1.93,1.1],[0,0],[0,0],[0,0],[-2.283,0],[-1.957,-1.116]],"v":[[37.462,-3.938],[31.227,-1.685],[25.006,0.562],[18.776,-1.677],[12.473,-3.938],[6.215,-1.684],[-0.021,0.562],[-6.259,-1.684],[-12.516,-3.938],[-18.855,-1.668],[-25.054,0.562],[-31.321,-1.692],[-37.549,-3.938],[-43.755,-1.692],[-50,0.562],[-50,0.605],[-50,3.896],[-50,3.938],[-43.734,1.677],[-37.549,-0.562],[-31.342,1.677],[-25.054,3.938],[-18.834,1.701],[-12.516,-0.562],[-6.279,1.686],[-0.021,3.938],[6.236,1.686],[12.473,-0.562],[18.755,1.692],[25.006,3.938],[31.248,1.685],[37.462,-0.562],[43.781,1.701],[50,3.938],[50,3.896],[50,0.605],[50,0.562],[43.802,-1.668]],"c":true},"ix":2},"nm":"Trazado 1","mn":"ADBE Vector Shape - Group","hd":false},{"ty":"fl","c":{"a":0,"k":[1,1,1,1],"ix":4},"o":{"a":0,"k":100,"ix":5},"r":1,"nm":"Relleno 1","mn":"ADBE Vector Graphic - Fill","hd":false},{"ty":"tr","p":{"a":0,"k":[50.25,17.521],"ix":2},"a":{"a":0,"k":[0,0],"ix":1},"s":{"a":0,"k":[100,100],"ix":3},"r":{"a":0,"k":0,"ix":6},"o":{"a":0,"k":100,"ix":7},"sk":{"a":0,"k":0,"ix":4},"sa":{"a":0,"k":0,"ix":5},"nm":"Transformar"}],"nm":"Grupo 8","np":2,"cix":2,"ix":8,"mn":"ADBE Vector Group","hd":false},{"ty":"gr","it":[{"ind":0,"ty":"sh","ix":1,"ks":{"a":0,"k":{"i":[[2.359,0],[1.911,-1.107],[2.34,0],[1.915,1.101],[2.375,0],[1.911,-1.108],[2.358,0],[1.907,1.104],[2.37,0],[1.946,-1.116],[2.305,0],[1.94,1.109],[2.3,0],[1.921,-1.104],[2.321,0],[0,0],[0,0],[0,0],[-1.934,1.112],[-2.288,0],[-1.926,-1.101],[-2.332,0],[-1.92,1.1],[-2.37,0],[-1.907,-1.104],[-2.371,0],[-1.912,1.108],[-2.359,0],[-1.926,-1.108],[-2.347,0],[-1.913,1.108],[-2.336,0],[-1.952,-1.113],[-2.294,0],[0,0],[0,0],[0,0],[1.925,1.097]],"o":[[-2.348,0],[-1.908,1.105],[-2.335,0],[-1.931,-1.111],[-2.37,0],[-1.906,1.104],[-2.359,0],[-1.911,-1.108],[-2.381,0],[-1.915,1.097],[-2.321,0],[-1.931,-1.104],[-2.299,0],[-1.929,1.109],[0,0],[0,0],[0,0],[2.332,0],[1.916,-1.101],[2.289,0],[1.945,1.112],[2.316,0],[1.941,-1.113],[2.359,0],[1.911,1.107],[2.37,0],[1.907,-1.104],[2.364,0],[1.92,1.104],[2.352,0],[1.906,-1.104],[2.349,0],[1.93,1.1],[0,0],[0,0],[0,0],[-2.283,0],[-1.957,-1.116]],"v":[[37.462,-3.938],[31.227,-1.685],[25.006,0.562],[18.776,-1.677],[12.473,-3.938],[6.215,-1.684],[-0.021,0.562],[-6.259,-1.684],[-12.516,-3.938],[-18.855,-1.668],[-25.054,0.562],[-31.321,-1.692],[-37.549,-3.938],[-43.755,-1.692],[-50,0.562],[-50,0.605],[-50,3.896],[-50,3.938],[-43.734,1.677],[-37.549,-0.562],[-31.342,1.677],[-25.054,3.938],[-18.834,1.701],[-12.516,-0.562],[-6.279,1.685],[-0.021,3.938],[6.236,1.685],[12.473,-0.562],[18.755,1.692],[25.006,3.938],[31.248,1.684],[37.462,-0.562],[43.781,1.701],[50,3.938],[50,3.896],[50,0.605],[50,0.562],[43.802,-1.668]],"c":true},"ix":2},"nm":"Trazado 1","mn":"ADBE Vector Shape - Group","hd":false},{"ty":"fl","c":{"a":0,"k":[1,1,1,1],"ix":4},"o":{"a":0,"k":100,"ix":5},"r":1,"nm":"Relleno 1","mn":"ADBE Vector Graphic - Fill","hd":false},{"ty":"tr","p":{"a":0,"k":[50.25,10.854],"ix":2},"a":{"a":0,"k":[0,0],"ix":1},"s":{"a":0,"k":[100,100],"ix":3},"r":{"a":0,"k":0,"ix":6},"o":{"a":0,"k":100,"ix":7},"sk":{"a":0,"k":0,"ix":4},"sa":{"a":0,"k":0,"ix":5},"nm":"Transformar"}],"nm":"Grupo 9","np":2,"cix":2,"ix":9,"mn":"ADBE Vector Group","hd":false},{"ty":"gr","it":[{"ind":0,"ty":"sh","ix":1,"ks":{"a":0,"k":{"i":[[2.359,0],[1.911,-1.107],[2.34,0],[1.915,1.102],[2.375,0],[1.911,-1.107],[2.358,0],[1.907,1.105],[2.37,0],[1.946,-1.115],[2.305,0],[1.94,1.109],[2.3,0],[1.921,-1.104],[2.321,0],[0,0],[0,0],[0,0],[-1.934,1.112],[-2.288,0],[-1.926,-1.101],[-2.332,0],[-1.92,1.099],[-2.37,0],[-1.907,-1.105],[-2.371,0],[-1.912,1.107],[-2.359,0],[-1.926,-1.108],[-2.347,0],[-1.913,1.108],[-2.336,0],[-1.952,-1.113],[-2.294,0],[0,0],[0,0],[0,0],[1.925,1.096]],"o":[[-2.348,0],[-1.908,1.105],[-2.335,0],[-1.931,-1.111],[-2.37,0],[-1.906,1.105],[-2.359,0],[-1.911,-1.107],[-2.381,0],[-1.915,1.097],[-2.321,0],[-1.931,-1.104],[-2.299,0],[-1.929,1.109],[0,0],[0,0],[0,0],[2.332,0],[1.916,-1.101],[2.289,0],[1.945,1.112],[2.316,0],[1.941,-1.113],[2.359,0],[1.911,1.107],[2.37,0],[1.907,-1.105],[2.364,0],[1.92,1.104],[2.352,0],[1.906,-1.104],[2.349,0],[1.93,1.1],[0,0],[0,0],[0,0],[-2.283,0],[-1.957,-1.116]],"v":[[37.462,-3.938],[31.227,-1.685],[25.006,0.562],[18.776,-1.678],[12.473,-3.938],[6.215,-1.685],[-0.021,0.562],[-6.259,-1.685],[-12.516,-3.938],[-18.855,-1.669],[-25.054,0.562],[-31.321,-1.692],[-37.549,-3.938],[-43.755,-1.692],[-50,0.562],[-50,0.605],[-50,3.896],[-50,3.938],[-43.734,1.677],[-37.549,-0.562],[-31.342,1.677],[-25.054,3.938],[-18.834,1.701],[-12.516,-0.562],[-6.279,1.685],[-0.021,3.938],[6.236,1.685],[12.473,-0.562],[18.755,1.692],[25.006,3.938],[31.248,1.684],[37.462,-0.562],[43.781,1.701],[50,3.938],[50,3.896],[50,0.605],[50,0.562],[43.802,-1.668]],"c":true},"ix":2},"nm":"Trazado 1","mn":"ADBE Vector Shape - Group","hd":false},{"ty":"fl","c":{"a":0,"k":[1,1,1,1],"ix":4},"o":{"a":0,"k":100,"ix":5},"r":1,"nm":"Relleno 1","mn":"ADBE Vector Graphic - Fill","hd":false},{"ty":"tr","p":{"a":0,"k":[50.25,4.188],"ix":2},"a":{"a":0,"k":[0,0],"ix":1},"s":{"a":0,"k":[100,100],"ix":3},"r":{"a":0,"k":0,"ix":6},"o":{"a":0,"k":100,"ix":7},"sk":{"a":0,"k":0,"ix":4},"sa":{"a":0,"k":0,"ix":5},"nm":"Transformar"}],"nm":"Grupo 10","np":2,"cix":2,"ix":10,"mn":"ADBE Vector Group","hd":false}],"ip":24,"op":100,"st":24,"bm":0},{"ddd":0,"ind":6,"ty":4,"nm":"ticket contornos","sr":1,"ks":{"o":{"a":0,"k":100,"ix":11},"r":{"a":0,"k":0,"ix":10},"p":{"a":0,"k":[80,80,0],"ix":2},"a":{"a":0,"k":[57.5,32.5,0],"ix":1},"s":{"a":0,"k":[100,100,100],"ix":6}},"ao":0,"shapes":[{"ty":"gr","it":[{"ind":0,"ty":"sh","ix":1,"ks":{"a":0,"k":{"i":[[-5.847,0],[0,0],[0,0],[0,0],[0,-5.846],[5.847,0],[0,0],[0,0],[0,0],[0,5.847]],"o":[[0,0],[0,0],[0,0],[5.847,0],[0,5.847],[0,0],[0,0],[0,0],[-5.847,0],[0,-5.846]],"v":[[50,-10.586],[50,-25],[-50,-25],[-50,-10.586],[-39.414,0],[-50,10.586],[-50,25],[50,25],[50,10.586],[39.414,0]],"c":true},"ix":2},"nm":"Trazado 1","mn":"ADBE Vector Shape - Group","hd":false},{"ty":"st","c":{"a":0,"k":[0.5803921568627451,0.26666666666666666,0.9882352941176471,1],"ix":3},"o":{"a":0,"k":100,"ix":4},"w":{"a":0,"k":3,"ix":5},"lc":2,"lj":2,"nm":"Trazo 1","mn":"ADBE Vector Graphic - Stroke","hd":false},{"ty":"tr","p":{"a":0,"k":[57.5,32.5],"ix":2},"a":{"a":0,"k":[0,0],"ix":1},"s":{"a":0,"k":[100,100],"ix":3},"r":{"a":0,"k":0,"ix":6},"o":{"a":0,"k":100,"ix":7},"sk":{"a":0,"k":0,"ix":4},"sa":{"a":0,"k":0,"ix":5},"nm":"Transformar"}],"nm":"Grupo 1","np":2,"cix":2,"ix":1,"mn":"ADBE Vector Group","hd":false},{"ty":"tm","s":{"a":1,"k":[{"i":{"x":[0.277],"y":[1]},"o":{"x":[1],"y":[0]},"n":["0p277_1_1_0"],"t":95,"s":[0],"e":[100]},{"t":115}],"ix":1},"e":{"a":1,"k":[{"i":{"x":[0.277],"y":[1]},"o":{"x":[0.775],"y":[0]},"n":["0p277_1_0p775_0"],"t":0,"s":[0],"e":[100]},{"t":20}],"ix":2},"o":{"a":0,"k":0,"ix":3},"m":1,"ix":2,"nm":"Recortar trazados 1","mn":"ADBE Vector Filter - Trim","hd":false}],"ip":0,"op":120,"st":0,"bm":0},{"ddd":0,"ind":7,"ty":4,"nm":"blue contornos","td":1,"sr":1,"ks":{"o":{"a":0,"k":100,"ix":11},"r":{"a":0,"k":0,"ix":10},"p":{"a":0,"k":[80,80,0],"ix":2},"a":{"a":0,"k":[50.25,25.25,0],"ix":1},"s":{"a":0,"k":[100,100,100],"ix":6}},"ao":0,"shapes":[{"ty":"gr","it":[{"ind":0,"ty":"sh","ix":1,"ks":{"a":0,"k":{"i":[[-5.847,0],[0,0],[0,0],[0,0],[0,-5.846],[5.847,0],[0,0],[0,0],[0,0],[0,5.847]],"o":[[0,0],[0,0],[0,0],[5.847,0],[0,5.847],[0,0],[0,0],[0,0],[-5.847,0],[0,-5.846]],"v":[[50,-10.586],[50,-25],[-50,-25],[-50,-10.586],[-39.414,0],[-50,10.586],[-50,25],[50,25],[50,10.586],[39.414,0]],"c":true},"ix":2},"nm":"Trazado 1","mn":"ADBE Vector Shape - Group","hd":false},{"ty":"fl","c":{"a":0,"k":[0.6118,0.451,0.9725,1],"ix":4},"o":{"a":0,"k":100,"ix":5},"r":1,"nm":"Relleno 1","mn":"ADBE Vector Graphic - Fill","hd":false},{"ty":"tr","p":{"a":0,"k":[50.25,25.25],"ix":2},"a":{"a":0,"k":[0,0],"ix":1},"s":{"a":0,"k":[100,100],"ix":3},"r":{"a":0,"k":0,"ix":6},"o":{"a":0,"k":100,"ix":7},"sk":{"a":0,"k":0,"ix":4},"sa":{"a":0,"k":0,"ix":5},"nm":"Transformar"}],"nm":"Grupo 1","np":2,"cix":2,"ix":1,"mn":"ADBE Vector Group","hd":false}],"ip":19,"op":120,"st":-6,"bm":0},{"ddd":0,"ind":8,"ty":4,"nm":"Capa de formas 1","tt":1,"sr":1,"ks":{"o":{"a":0,"k":100,"ix":11},"r":{"a":0,"k":0,"ix":10},"p":{"a":0,"k":[80,80,0],"ix":2},"a":{"a":0,"k":[0,0,0],"ix":1},"s":{"a":0,"k":[100,100,100],"ix":6}},"ao":0,"shapes":[{"ty":"gr","it":[{"ind":0,"ty":"sh","ix":1,"ks":{"a":1,"k":[{"i":{"x":0,"y":1},"o":{"x":0.828,"y":0},"n":"0_1_0p828_0","t":19,"s":[{"i":[[0,0],[0,0],[0,0],[0,0]],"o":[[0,0],[0,0],[0,0],[0,0]],"v":[[58.453,-6.969],[58.453,6.969],[-58.453,6.969],[-58.453,-6.969]],"c":true}],"e":[{"i":[[0,0],[0,0],[0,0],[0,0]],"o":[[0,0],[0,0],[0,0],[0,0]],"v":[[58.453,-61.969],[58.453,6.969],[-58.453,6.969],[-58.453,-56.969]],"c":true}]},{"i":{"x":0,"y":1},"o":{"x":0.167,"y":0},"n":"0_1_0p167_0","t":40,"s":[{"i":[[0,0],[0,0],[0,0],[0,0]],"o":[[0,0],[0,0],[0,0],[0,0]],"v":[[58.453,-61.969],[58.453,6.969],[-58.453,6.969],[-58.453,-56.969]],"c":true}],"e":[{"i":[[0,0],[0,0],[0,0],[0,0]],"o":[[0,0],[0,0],[0,0],[0,0]],"v":[[58.453,-61.969],[58.453,6.969],[-58.453,6.969],[-58.453,-56.969]],"c":true}]},{"i":{"x":0.418,"y":1},"o":{"x":1,"y":0},"n":"0p418_1_1_0","t":45,"s":[{"i":[[0,0],[0,0],[0,0],[0,0]],"o":[[0,0],[0,0],[0,0],[0,0]],"v":[[58.453,-61.969],[58.453,6.969],[-58.453,6.969],[-58.453,-56.969]],"c":true}],"e":[{"i":[[0,0],[0,0],[0,0],[0,0]],"o":[[0,0],[0,0],[0,0],[0,0]],"v":[[58.453,-61.969],[58.406,-61.531],[-58.406,-57.031],[-58.453,-56.969]],"c":true}]},{"t":65}],"ix":2},"nm":"Trazado 1","mn":"ADBE Vector Shape - Group","hd":false},{"ty":"fl","c":{"a":0,"k":[0.3102,0.1032,0.7568,1],"ix":4},"o":{"a":0,"k":100,"ix":5},"r":1,"nm":"Relleno 1","mn":"ADBE Vector Graphic - Fill","hd":false},{"ty":"tr","p":{"a":0,"k":[0.453,31.531],"ix":2},"a":{"a":0,"k":[0,0],"ix":1},"s":{"a":0,"k":[100,100],"ix":3},"r":{"a":0,"k":0,"ix":6},"o":{"a":0,"k":100,"ix":7},"sk":{"a":0,"k":0,"ix":4},"sa":{"a":0,"k":0,"ix":5},"nm":"Transformar"}],"nm":"RectÃÂ¡ngulo 1","np":3,"cix":2,"ix":1,"mn":"ADBE Vector Group","hd":false}],"ip":19,"op":120,"st":-6,"bm":0},{"ddd":0,"ind":9,"ty":4,"nm":"corner 2 contornos","sr":1,"ks":{"o":{"a":1,"k":[{"i":{"x":[0.833],"y":[0.833]},"o":{"x":[0.167],"y":[0.167]},"n":["0p833_0p833_0p167_0p167"],"t":88,"s":[40],"e":[0]},{"i":{"x":[0.833],"y":[0.833]},"o":{"x":[0.167],"y":[0.167]},"n":["0p833_0p833_0p167_0p167"],"t":89,"s":[0],"e":[40]},{"i":{"x":[0.833],"y":[0.833]},"o":{"x":[0.167],"y":[0.167]},"n":["0p833_0p833_0p167_0p167"],"t":90,"s":[40],"e":[0]},{"i":{"x":[0.833],"y":[0.833]},"o":{"x":[0.167],"y":[0.167]},"n":["0p833_0p833_0p167_0p167"],"t":91,"s":[0],"e":[40]},{"i":{"x":[0.833],"y":[0.833]},"o":{"x":[0.167],"y":[0.167]},"n":["0p833_0p833_0p167_0p167"],"t":92,"s":[40],"e":[0]},{"t":93}],"ix":11},"r":{"a":0,"k":0,"ix":10},"p":{"a":0,"k":[105.145,79.824,0],"ix":2},"a":{"a":0,"k":[24.882,24.887,0],"ix":1},"s":{"a":0,"k":[100,100,100],"ix":6}},"ao":0,"shapes":[{"ty":"gr","it":[{"ind":0,"ty":"sh","ix":1,"ks":{"a":0,"k":{"i":[[0,0],[0,0],[0,0]],"o":[[0,0],[0,0],[0,0]],"v":[[1.523,1.523],[-1.523,-1.523],[1.523,-1.523]],"c":true},"ix":2},"nm":"Trazado 1","mn":"ADBE Vector Shape - Group","hd":false},{"ty":"fl","c":{"a":0,"k":[0.6118,0.451,0.9725,1],"ix":4},"o":{"a":0,"k":100,"ix":5},"r":1,"nm":"Relleno 1","mn":"ADBE Vector Graphic - Fill","hd":false},{"ty":"tr","p":{"a":0,"k":[47.991,1.773],"ix":2},"a":{"a":0,"k":[0,0],"ix":1},"s":{"a":0,"k":[100,100],"ix":3},"r":{"a":0,"k":0,"ix":6},"o":{"a":0,"k":100,"ix":7},"sk":{"a":0,"k":0,"ix":4},"sa":{"a":0,"k":0,"ix":5},"nm":"Transformar"}],"nm":"Grupo 1","np":2,"cix":2,"ix":1,"mn":"ADBE Vector Group","hd":false},{"ty":"gr","it":[{"ind":0,"ty":"sh","ix":1,"ks":{"a":0,"k":{"i":[[0,0],[0,0],[0,0]],"o":[[0,0],[0,0],[0,0]],"v":[[1.523,1.523],[-1.523,-1.523],[1.523,-1.523]],"c":true},"ix":2},"nm":"Trazado 1","mn":"ADBE Vector Shape - Group","hd":false},{"ty":"fl","c":{"a":0,"k":[0.6118,0.451,0.9725,1],"ix":4},"o":{"a":0,"k":100,"ix":5},"r":1,"nm":"Relleno 1","mn":"ADBE Vector Graphic - Fill","hd":false},{"ty":"tr","p":{"a":0,"k":[42.218,1.79],"ix":2},"a":{"a":0,"k":[0,0],"ix":1},"s":{"a":0,"k":[100,100],"ix":3},"r":{"a":0,"k":0,"ix":6},"o":{"a":0,"k":100,"ix":7},"sk":{"a":0,"k":0,"ix":4},"sa":{"a":0,"k":0,"ix":5},"nm":"Transformar"}],"nm":"Grupo 2","np":2,"cix":2,"ix":2,"mn":"ADBE Vector Group","hd":false},{"ty":"gr","it":[{"ind":0,"ty":"sh","ix":1,"ks":{"a":0,"k":{"i":[[0,0],[0,0],[0,0]],"o":[[0,0],[0,0],[0,0]],"v":[[1.523,1.523],[-1.523,-1.523],[1.523,-1.523]],"c":true},"ix":2},"nm":"Trazado 1","mn":"ADBE Vector Shape - Group","hd":false},{"ty":"fl","c":{"a":0,"k":[0.6118,0.451,0.9725,1],"ix":4},"o":{"a":0,"k":100,"ix":5},"r":1,"nm":"Relleno 1","mn":"ADBE Vector Graphic - Fill","hd":false},{"ty":"tr","p":{"a":0,"k":[47.984,7.556],"ix":2},"a":{"a":0,"k":[0,0],"ix":1},"s":{"a":0,"k":[100,100],"ix":3},"r":{"a":0,"k":0,"ix":6},"o":{"a":0,"k":100,"ix":7},"sk":{"a":0,"k":0,"ix":4},"sa":{"a":0,"k":0,"ix":5},"nm":"Transformar"}],"nm":"Grupo 3","np":2,"cix":2,"ix":3,"mn":"ADBE Vector Group","hd":false},{"ty":"gr","it":[{"ind":0,"ty":"sh","ix":1,"ks":{"a":0,"k":{"i":[[0,0],[0,0],[0,0]],"o":[[0,0],[0,0],[0,0]],"v":[[1.522,1.523],[-1.523,-1.523],[1.523,-1.523]],"c":true},"ix":2},"nm":"Trazado 1","mn":"ADBE Vector Shape - Group","hd":false},{"ty":"fl","c":{"a":0,"k":[0.6118,0.451,0.9725,1],"ix":4},"o":{"a":0,"k":100,"ix":5},"r":1,"nm":"Relleno 1","mn":"ADBE Vector Graphic - Fill","hd":false},{"ty":"tr","p":{"a":0,"k":[36.441,1.801],"ix":2},"a":{"a":0,"k":[0,0],"ix":1},"s":{"a":0,"k":[100,100],"ix":3},"r":{"a":0,"k":0,"ix":6},"o":{"a":0,"k":100,"ix":7},"sk":{"a":0,"k":0,"ix":4},"sa":{"a":0,"k":0,"ix":5},"nm":"Transformar"}],"nm":"Grupo 4","np":2,"cix":2,"ix":4,"mn":"ADBE Vector Group","hd":false},{"ty":"gr","it":[{"ind":0,"ty":"sh","ix":1,"ks":{"a":0,"k":{"i":[[0,0],[0,0],[0,0]],"o":[[0,0],[0,0],[0,0]],"v":[[1.522,1.523],[-1.523,-1.523],[1.523,-1.522]],"c":true},"ix":2},"nm":"Trazado 1","mn":"ADBE Vector Shape - Group","hd":false},{"ty":"fl","c":{"a":0,"k":[0.6118,0.451,0.9725,1],"ix":4},"o":{"a":0,"k":100,"ix":5},"r":1,"nm":"Relleno 1","mn":"ADBE Vector Graphic - Fill","hd":false},{"ty":"tr","p":{"a":0,"k":[42.207,7.567],"ix":2},"a":{"a":0,"k":[0,0],"ix":1},"s":{"a":0,"k":[100,100],"ix":3},"r":{"a":0,"k":0,"ix":6},"o":{"a":0,"k":100,"ix":7},"sk":{"a":0,"k":0,"ix":4},"sa":{"a":0,"k":0,"ix":5},"nm":"Transformar"}],"nm":"Grupo 5","np":2,"cix":2,"ix":5,"mn":"ADBE Vector Group","hd":false},{"ty":"gr","it":[{"ind":0,"ty":"sh","ix":1,"ks":{"a":0,"k":{"i":[[0,0],[0,0],[0,0]],"o":[[0,0],[0,0],[0,0]],"v":[[1.522,1.523],[-1.523,-1.523],[1.523,-1.523]],"c":true},"ix":2},"nm":"Trazado 1","mn":"ADBE Vector Shape - Group","hd":false},{"ty":"fl","c":{"a":0,"k":[0.6118,0.451,0.9725,1],"ix":4},"o":{"a":0,"k":100,"ix":5},"r":1,"nm":"Relleno 1","mn":"ADBE Vector Graphic - Fill","hd":false},{"ty":"tr","p":{"a":0,"k":[47.973,13.334],"ix":2},"a":{"a":0,"k":[0,0],"ix":1},"s":{"a":0,"k":[100,100],"ix":3},"r":{"a":0,"k":0,"ix":6},"o":{"a":0,"k":100,"ix":7},"sk":{"a":0,"k":0,"ix":4},"sa":{"a":0,"k":0,"ix":5},"nm":"Transformar"}],"nm":"Grupo 6","np":2,"cix":2,"ix":6,"mn":"ADBE Vector Group","hd":false},{"ty":"gr","it":[{"ind":0,"ty":"sh","ix":1,"ks":{"a":0,"k":{"i":[[0,0],[0,0],[0,0]],"o":[[0,0],[0,0],[0,0]],"v":[[1.522,1.523],[-1.523,-1.523],[1.523,-1.523]],"c":true},"ix":2},"nm":"Trazado 1","mn":"ADBE Vector Shape - Group","hd":false},{"ty":"fl","c":{"a":0,"k":[0.6118,0.451,0.9725,1],"ix":4},"o":{"a":0,"k":100,"ix":5},"r":1,"nm":"Relleno 1","mn":"ADBE Vector Graphic - Fill","hd":false},{"ty":"tr","p":{"a":0,"k":[30.663,1.812],"ix":2},"a":{"a":0,"k":[0,0],"ix":1},"s":{"a":0,"k":[100,100],"ix":3},"r":{"a":0,"k":0,"ix":6},"o":{"a":0,"k":100,"ix":7},"sk":{"a":0,"k":0,"ix":4},"sa":{"a":0,"k":0,"ix":5},"nm":"Transformar"}],"nm":"Grupo 7","np":2,"cix":2,"ix":7,"mn":"ADBE Vector Group","hd":false},{"ty":"gr","it":[{"ind":0,"ty":"sh","ix":1,"ks":{"a":0,"k":{"i":[[0,0],[0,0],[0,0]],"o":[[0,0],[0,0],[0,0]],"v":[[1.522,1.523],[-1.523,-1.523],[1.523,-1.523]],"c":true},"ix":2},"nm":"Trazado 1","mn":"ADBE Vector Shape - Group","hd":false},{"ty":"fl","c":{"a":0,"k":[0.6118,0.451,0.9725,1],"ix":4},"o":{"a":0,"k":100,"ix":5},"r":1,"nm":"Relleno 1","mn":"ADBE Vector Graphic - Fill","hd":false},{"ty":"tr","p":{"a":0,"k":[36.429,7.579],"ix":2},"a":{"a":0,"k":[0,0],"ix":1},"s":{"a":0,"k":[100,100],"ix":3},"r":{"a":0,"k":0,"ix":6},"o":{"a":0,"k":100,"ix":7},"sk":{"a":0,"k":0,"ix":4},"sa":{"a":0,"k":0,"ix":5},"nm":"Transformar"}],"nm":"Grupo 8","np":2,"cix":2,"ix":8,"mn":"ADBE Vector Group","hd":false},{"ty":"gr","it":[{"ind":0,"ty":"sh","ix":1,"ks":{"a":0,"k":{"i":[[0,0],[0,0],[0,0]],"o":[[0,0],[0,0],[0,0]],"v":[[1.523,1.523],[-1.523,-1.523],[1.523,-1.523]],"c":true},"ix":2},"nm":"Trazado 1","mn":"ADBE Vector Shape - Group","hd":false},{"ty":"fl","c":{"a":0,"k":[0.6118,0.451,0.9725,1],"ix":4},"o":{"a":0,"k":100,"ix":5},"r":1,"nm":"Relleno 1","mn":"ADBE Vector Graphic - Fill","hd":false},{"ty":"tr","p":{"a":0,"k":[42.195,13.345],"ix":2},"a":{"a":0,"k":[0,0],"ix":1},"s":{"a":0,"k":[100,100],"ix":3},"r":{"a":0,"k":0,"ix":6},"o":{"a":0,"k":100,"ix":7},"sk":{"a":0,"k":0,"ix":4},"sa":{"a":0,"k":0,"ix":5},"nm":"Transformar"}],"nm":"Grupo 9","np":2,"cix":2,"ix":9,"mn":"ADBE Vector Group","hd":false},{"ty":"gr","it":[{"ind":0,"ty":"sh","ix":1,"ks":{"a":0,"k":{"i":[[0,0],[0,0],[0,0]],"o":[[0,0],[0,0],[0,0]],"v":[[1.523,1.523],[-1.523,-1.523],[1.523,-1.523]],"c":true},"ix":2},"nm":"Trazado 1","mn":"ADBE Vector Shape - Group","hd":false},{"ty":"fl","c":{"a":0,"k":[0.6118,0.451,0.9725,1],"ix":4},"o":{"a":0,"k":100,"ix":5},"r":1,"nm":"Relleno 1","mn":"ADBE Vector Graphic - Fill","hd":false},{"ty":"tr","p":{"a":0,"k":[24.884,1.824],"ix":2},"a":{"a":0,"k":[0,0],"ix":1},"s":{"a":0,"k":[100,100],"ix":3},"r":{"a":0,"k":0,"ix":6},"o":{"a":0,"k":100,"ix":7},"sk":{"a":0,"k":0,"ix":4},"sa":{"a":0,"k":0,"ix":5},"nm":"Transformar"}],"nm":"Grupo 10","np":2,"cix":2,"ix":10,"mn":"ADBE Vector Group","hd":false},{"ty":"gr","it":[{"ind":0,"ty":"sh","ix":1,"ks":{"a":0,"k":{"i":[[0,0],[0,0],[0,0]],"o":[[0,0],[0,0],[0,0]],"v":[[1.523,1.523],[-1.523,-1.523],[1.523,-1.523]],"c":true},"ix":2},"nm":"Trazado 1","mn":"ADBE Vector Shape - Group","hd":false},{"ty":"fl","c":{"a":0,"k":[0.6118,0.451,0.9725,1],"ix":4},"o":{"a":0,"k":100,"ix":5},"r":1,"nm":"Relleno 1","mn":"ADBE Vector Graphic - Fill","hd":false},{"ty":"tr","p":{"a":0,"k":[30.651,7.59],"ix":2},"a":{"a":0,"k":[0,0],"ix":1},"s":{"a":0,"k":[100,100],"ix":3},"r":{"a":0,"k":0,"ix":6},"o":{"a":0,"k":100,"ix":7},"sk":{"a":0,"k":0,"ix":4},"sa":{"a":0,"k":0,"ix":5},"nm":"Transformar"}],"nm":"Grupo 11","np":2,"cix":2,"ix":11,"mn":"ADBE Vector Group","hd":false},{"ty":"gr","it":[{"ind":0,"ty":"sh","ix":1,"ks":{"a":0,"k":{"i":[[0,0],[0,0],[0,0]],"o":[[0,0],[0,0],[0,0]],"v":[[1.523,1.523],[-1.523,-1.523],[1.523,-1.523]],"c":true},"ix":2},"nm":"Trazado 1","mn":"ADBE Vector Shape - Group","hd":false},{"ty":"fl","c":{"a":0,"k":[0.6118,0.451,0.9725,1],"ix":4},"o":{"a":0,"k":100,"ix":5},"r":1,"nm":"Relleno 1","mn":"ADBE Vector Graphic - Fill","hd":false},{"ty":"tr","p":{"a":0,"k":[36.417,13.357],"ix":2},"a":{"a":0,"k":[0,0],"ix":1},"s":{"a":0,"k":[100,100],"ix":3},"r":{"a":0,"k":0,"ix":6},"o":{"a":0,"k":100,"ix":7},"sk":{"a":0,"k":0,"ix":4},"sa":{"a":0,"k":0,"ix":5},"nm":"Transformar"}],"nm":"Grupo 12","np":2,"cix":2,"ix":12,"mn":"ADBE Vector Group","hd":false},{"ty":"gr","it":[{"ind":0,"ty":"sh","ix":1,"ks":{"a":0,"k":{"i":[[0,0],[0,0],[0,0]],"o":[[0,0],[0,0],[0,0]],"v":[[1.523,1.523],[-1.523,-1.523],[1.523,-1.523]],"c":true},"ix":2},"nm":"Trazado 1","mn":"ADBE Vector Shape - Group","hd":false},{"ty":"fl","c":{"a":0,"k":[0.6118,0.451,0.9725,1],"ix":4},"o":{"a":0,"k":100,"ix":5},"r":1,"nm":"Relleno 1","mn":"ADBE Vector Graphic - Fill","hd":false},{"ty":"tr","p":{"a":0,"k":[19.107,1.836],"ix":2},"a":{"a":0,"k":[0,0],"ix":1},"s":{"a":0,"k":[100,100],"ix":3},"r":{"a":0,"k":0,"ix":6},"o":{"a":0,"k":100,"ix":7},"sk":{"a":0,"k":0,"ix":4},"sa":{"a":0,"k":0,"ix":5},"nm":"Transformar"}],"nm":"Grupo 13","np":2,"cix":2,"ix":13,"mn":"ADBE Vector Group","hd":false},{"ty":"gr","it":[{"ind":0,"ty":"sh","ix":1,"ks":{"a":0,"k":{"i":[[0,0],[0,0],[0,0]],"o":[[0,0],[0,0],[0,0]],"v":[[1.523,1.523],[-1.523,-1.523],[1.523,-1.523]],"c":true},"ix":2},"nm":"Trazado 1","mn":"ADBE Vector Shape - Group","hd":false},{"ty":"fl","c":{"a":0,"k":[0.6118,0.451,0.9725,1],"ix":4},"o":{"a":0,"k":100,"ix":5},"r":1,"nm":"Relleno 1","mn":"ADBE Vector Graphic - Fill","hd":false},{"ty":"tr","p":{"a":0,"k":[24.873,7.602],"ix":2},"a":{"a":0,"k":[0,0],"ix":1},"s":{"a":0,"k":[100,100],"ix":3},"r":{"a":0,"k":0,"ix":6},"o":{"a":0,"k":100,"ix":7},"sk":{"a":0,"k":0,"ix":4},"sa":{"a":0,"k":0,"ix":5},"nm":"Transformar"}],"nm":"Grupo 14","np":2,"cix":2,"ix":14,"mn":"ADBE Vector Group","hd":false},{"ty":"gr","it":[{"ind":0,"ty":"sh","ix":1,"ks":{"a":0,"k":{"i":[[0,0],[0,0],[0,0]],"o":[[0,0],[0,0],[0,0]],"v":[[1.523,1.523],[-1.523,-1.523],[1.523,-1.522]],"c":true},"ix":2},"nm":"Trazado 1","mn":"ADBE Vector Shape - Group","hd":false},{"ty":"fl","c":{"a":0,"k":[0.6118,0.451,0.9725,1],"ix":4},"o":{"a":0,"k":100,"ix":5},"r":1,"nm":"Relleno 1","mn":"ADBE Vector Graphic - Fill","hd":false},{"ty":"tr","p":{"a":0,"k":[30.639,13.368],"ix":2},"a":{"a":0,"k":[0,0],"ix":1},"s":{"a":0,"k":[100,100],"ix":3},"r":{"a":0,"k":0,"ix":6},"o":{"a":0,"k":100,"ix":7},"sk":{"a":0,"k":0,"ix":4},"sa":{"a":0,"k":0,"ix":5},"nm":"Transformar"}],"nm":"Grupo 15","np":2,"cix":2,"ix":15,"mn":"ADBE Vector Group","hd":false},{"ty":"gr","it":[{"ind":0,"ty":"sh","ix":1,"ks":{"a":0,"k":{"i":[[0,0],[0,0],[0,0]],"o":[[0,0],[0,0],[0,0]],"v":[[1.523,1.523],[-1.523,-1.523],[1.523,-1.523]],"c":true},"ix":2},"nm":"Trazado 1","mn":"ADBE Vector Shape - Group","hd":false},{"ty":"fl","c":{"a":0,"k":[0.6118,0.451,0.9725,1],"ix":4},"o":{"a":0,"k":100,"ix":5},"r":1,"nm":"Relleno 1","mn":"ADBE Vector Graphic - Fill","hd":false},{"ty":"tr","p":{"a":0,"k":[36.406,19.134],"ix":2},"a":{"a":0,"k":[0,0],"ix":1},"s":{"a":0,"k":[100,100],"ix":3},"r":{"a":0,"k":0,"ix":6},"o":{"a":0,"k":100,"ix":7},"sk":{"a":0,"k":0,"ix":4},"sa":{"a":0,"k":0,"ix":5},"nm":"Transformar"}],"nm":"Grupo 16","np":2,"cix":2,"ix":16,"mn":"ADBE Vector Group","hd":false},{"ty":"gr","it":[{"ind":0,"ty":"sh","ix":1,"ks":{"a":0,"k":{"i":[[0,0],[0,0],[0,0]],"o":[[0,0],[0,0],[0,0]],"v":[[1.523,1.523],[-1.523,-1.523],[1.523,-1.523]],"c":true},"ix":2},"nm":"Trazado 1","mn":"ADBE Vector Shape - Group","hd":false},{"ty":"fl","c":{"a":0,"k":[0.6118,0.451,0.9725,1],"ix":4},"o":{"a":0,"k":100,"ix":5},"r":1,"nm":"Relleno 1","mn":"ADBE Vector Graphic - Fill","hd":false},{"ty":"tr","p":{"a":0,"k":[13.329,1.848],"ix":2},"a":{"a":0,"k":[0,0],"ix":1},"s":{"a":0,"k":[100,100],"ix":3},"r":{"a":0,"k":0,"ix":6},"o":{"a":0,"k":100,"ix":7},"sk":{"a":0,"k":0,"ix":4},"sa":{"a":0,"k":0,"ix":5},"nm":"Transformar"}],"nm":"Grupo 17","np":2,"cix":2,"ix":17,"mn":"ADBE Vector Group","hd":false},{"ty":"gr","it":[{"ind":0,"ty":"sh","ix":1,"ks":{"a":0,"k":{"i":[[0,0],[0,0],[0,0]],"o":[[0,0],[0,0],[0,0]],"v":[[1.523,1.523],[-1.523,-1.523],[1.523,-1.523]],"c":true},"ix":2},"nm":"Trazado 1","mn":"ADBE Vector Shape - Group","hd":false},{"ty":"fl","c":{"a":0,"k":[0.6118,0.451,0.9725,1],"ix":4},"o":{"a":0,"k":100,"ix":5},"r":1,"nm":"Relleno 1","mn":"ADBE Vector Graphic - Fill","hd":false},{"ty":"tr","p":{"a":0,"k":[19.095,7.614],"ix":2},"a":{"a":0,"k":[0,0],"ix":1},"s":{"a":0,"k":[100,100],"ix":3},"r":{"a":0,"k":0,"ix":6},"o":{"a":0,"k":100,"ix":7},"sk":{"a":0,"k":0,"ix":4},"sa":{"a":0,"k":0,"ix":5},"nm":"Transformar"}],"nm":"Grupo 18","np":2,"cix":2,"ix":18,"mn":"ADBE Vector Group","hd":false},{"ty":"gr","it":[{"ind":0,"ty":"sh","ix":1,"ks":{"a":0,"k":{"i":[[0,0],[0,0],[0,0]],"o":[[0,0],[0,0],[0,0]],"v":[[1.523,1.523],[-1.523,-1.523],[1.523,-1.523]],"c":true},"ix":2},"nm":"Trazado 1","mn":"ADBE Vector Shape - Group","hd":false},{"ty":"fl","c":{"a":0,"k":[0.6118,0.451,0.9725,1],"ix":4},"o":{"a":0,"k":100,"ix":5},"r":1,"nm":"Relleno 1","mn":"ADBE Vector Graphic - Fill","hd":false},{"ty":"tr","p":{"a":0,"k":[24.861,13.379],"ix":2},"a":{"a":0,"k":[0,0],"ix":1},"s":{"a":0,"k":[100,100],"ix":3},"r":{"a":0,"k":0,"ix":6},"o":{"a":0,"k":100,"ix":7},"sk":{"a":0,"k":0,"ix":4},"sa":{"a":0,"k":0,"ix":5},"nm":"Transformar"}],"nm":"Grupo 19","np":2,"cix":2,"ix":19,"mn":"ADBE Vector Group","hd":false},{"ty":"gr","it":[{"ind":0,"ty":"sh","ix":1,"ks":{"a":0,"k":{"i":[[0,0],[0,0],[0,0]],"o":[[0,0],[0,0],[0,0]],"v":[[1.523,1.523],[-1.523,-1.523],[1.523,-1.523]],"c":true},"ix":2},"nm":"Trazado 1","mn":"ADBE Vector Shape - Group","hd":false},{"ty":"fl","c":{"a":0,"k":[0.6118,0.451,0.9725,1],"ix":4},"o":{"a":0,"k":100,"ix":5},"r":1,"nm":"Relleno 1","mn":"ADBE Vector Graphic - Fill","hd":false},{"ty":"tr","p":{"a":0,"k":[30.628,19.146],"ix":2},"a":{"a":0,"k":[0,0],"ix":1},"s":{"a":0,"k":[100,100],"ix":3},"r":{"a":0,"k":0,"ix":6},"o":{"a":0,"k":100,"ix":7},"sk":{"a":0,"k":0,"ix":4},"sa":{"a":0,"k":0,"ix":5},"nm":"Transformar"}],"nm":"Grupo 20","np":2,"cix":2,"ix":20,"mn":"ADBE Vector Group","hd":false},{"ty":"gr","it":[{"ind":0,"ty":"sh","ix":1,"ks":{"a":0,"k":{"i":[[0,0],[0,0],[0,0]],"o":[[0,0],[0,0],[0,0]],"v":[[1.522,1.523],[-1.523,-1.523],[1.523,-1.523]],"c":true},"ix":2},"nm":"Trazado 1","mn":"ADBE Vector Shape - Group","hd":false},{"ty":"fl","c":{"a":0,"k":[0.6118,0.451,0.9725,1],"ix":4},"o":{"a":0,"k":100,"ix":5},"r":1,"nm":"Relleno 1","mn":"ADBE Vector Graphic - Fill","hd":false},{"ty":"tr","p":{"a":0,"k":[36.394,24.913],"ix":2},"a":{"a":0,"k":[0,0],"ix":1},"s":{"a":0,"k":[100,100],"ix":3},"r":{"a":0,"k":0,"ix":6},"o":{"a":0,"k":100,"ix":7},"sk":{"a":0,"k":0,"ix":4},"sa":{"a":0,"k":0,"ix":5},"nm":"Transformar"}],"nm":"Grupo 21","np":2,"cix":2,"ix":21,"mn":"ADBE Vector Group","hd":false},{"ty":"gr","it":[{"ind":0,"ty":"sh","ix":1,"ks":{"a":0,"k":{"i":[[0,0],[0,0],[0,0]],"o":[[0,0],[0,0],[0,0]],"v":[[1.523,1.523],[-1.523,-1.523],[1.523,-1.523]],"c":true},"ix":2},"nm":"Trazado 1","mn":"ADBE Vector Shape - Group","hd":false},{"ty":"fl","c":{"a":0,"k":[0.6118,0.451,0.9725,1],"ix":4},"o":{"a":0,"k":100,"ix":5},"r":1,"nm":"Relleno 1","mn":"ADBE Vector Graphic - Fill","hd":false},{"ty":"tr","p":{"a":0,"k":[47.926,36.445],"ix":2},"a":{"a":0,"k":[0,0],"ix":1},"s":{"a":0,"k":[100,100],"ix":3},"r":{"a":0,"k":0,"ix":6},"o":{"a":0,"k":100,"ix":7},"sk":{"a":0,"k":0,"ix":4},"sa":{"a":0,"k":0,"ix":5},"nm":"Transformar"}],"nm":"Grupo 22","np":2,"cix":2,"ix":22,"mn":"ADBE Vector Group","hd":false},{"ty":"gr","it":[{"ind":0,"ty":"sh","ix":1,"ks":{"a":0,"k":{"i":[[0,0],[0,0],[0,0]],"o":[[0,0],[0,0],[0,0]],"v":[[1.523,1.523],[-1.523,-1.523],[1.523,-1.523]],"c":true},"ix":2},"nm":"Trazado 1","mn":"ADBE Vector Shape - Group","hd":false},{"ty":"fl","c":{"a":0,"k":[0.6118,0.451,0.9725,1],"ix":4},"o":{"a":0,"k":100,"ix":5},"r":1,"nm":"Relleno 1","mn":"ADBE Vector Graphic - Fill","hd":false},{"ty":"tr","p":{"a":0,"k":[7.551,1.859],"ix":2},"a":{"a":0,"k":[0,0],"ix":1},"s":{"a":0,"k":[100,100],"ix":3},"r":{"a":0,"k":0,"ix":6},"o":{"a":0,"k":100,"ix":7},"sk":{"a":0,"k":0,"ix":4},"sa":{"a":0,"k":0,"ix":5},"nm":"Transformar"}],"nm":"Grupo 23","np":2,"cix":2,"ix":23,"mn":"ADBE Vector Group","hd":false},{"ty":"gr","it":[{"ind":0,"ty":"sh","ix":1,"ks":{"a":0,"k":{"i":[[0,0],[0,0],[0,0]],"o":[[0,0],[0,0],[0,0]],"v":[[1.523,1.523],[-1.523,-1.523],[1.523,-1.523]],"c":true},"ix":2},"nm":"Trazado 1","mn":"ADBE Vector Shape - Group","hd":false},{"ty":"fl","c":{"a":0,"k":[0.6118,0.451,0.9725,1],"ix":4},"o":{"a":0,"k":100,"ix":5},"r":1,"nm":"Relleno 1","mn":"ADBE Vector Graphic - Fill","hd":false},{"ty":"tr","p":{"a":0,"k":[13.317,7.626],"ix":2},"a":{"a":0,"k":[0,0],"ix":1},"s":{"a":0,"k":[100,100],"ix":3},"r":{"a":0,"k":0,"ix":6},"o":{"a":0,"k":100,"ix":7},"sk":{"a":0,"k":0,"ix":4},"sa":{"a":0,"k":0,"ix":5},"nm":"Transformar"}],"nm":"Grupo 24","np":2,"cix":2,"ix":24,"mn":"ADBE Vector Group","hd":false},{"ty":"gr","it":[{"ind":0,"ty":"sh","ix":1,"ks":{"a":0,"k":{"i":[[0,0],[0,0],[0,0]],"o":[[0,0],[0,0],[0,0]],"v":[[1.523,1.523],[-1.523,-1.523],[1.523,-1.523]],"c":true},"ix":2},"nm":"Trazado 1","mn":"ADBE Vector Shape - Group","hd":false},{"ty":"fl","c":{"a":0,"k":[0.6118,0.451,0.9725,1],"ix":4},"o":{"a":0,"k":100,"ix":5},"r":1,"nm":"Relleno 1","mn":"ADBE Vector Graphic - Fill","hd":false},{"ty":"tr","p":{"a":0,"k":[19.084,13.392],"ix":2},"a":{"a":0,"k":[0,0],"ix":1},"s":{"a":0,"k":[100,100],"ix":3},"r":{"a":0,"k":0,"ix":6},"o":{"a":0,"k":100,"ix":7},"sk":{"a":0,"k":0,"ix":4},"sa":{"a":0,"k":0,"ix":5},"nm":"Transformar"}],"nm":"Grupo 25","np":2,"cix":2,"ix":25,"mn":"ADBE Vector Group","hd":false},{"ty":"gr","it":[{"ind":0,"ty":"sh","ix":1,"ks":{"a":0,"k":{"i":[[0,0],[0,0],[0,0]],"o":[[0,0],[0,0],[0,0]],"v":[[1.523,1.523],[-1.523,-1.523],[1.523,-1.523]],"c":true},"ix":2},"nm":"Trazado 1","mn":"ADBE Vector Shape - Group","hd":false},{"ty":"fl","c":{"a":0,"k":[0.6118,0.451,0.9725,1],"ix":4},"o":{"a":0,"k":100,"ix":5},"r":1,"nm":"Relleno 1","mn":"ADBE Vector Graphic - Fill","hd":false},{"ty":"tr","p":{"a":0,"k":[24.85,19.158],"ix":2},"a":{"a":0,"k":[0,0],"ix":1},"s":{"a":0,"k":[100,100],"ix":3},"r":{"a":0,"k":0,"ix":6},"o":{"a":0,"k":100,"ix":7},"sk":{"a":0,"k":0,"ix":4},"sa":{"a":0,"k":0,"ix":5},"nm":"Transformar"}],"nm":"Grupo 26","np":2,"cix":2,"ix":26,"mn":"ADBE Vector Group","hd":false},{"ty":"gr","it":[{"ind":0,"ty":"sh","ix":1,"ks":{"a":0,"k":{"i":[[0,0],[0,0],[0,0]],"o":[[0,0],[0,0],[0,0]],"v":[[1.523,1.523],[-1.523,-1.523],[1.523,-1.523]],"c":true},"ix":2},"nm":"Trazado 1","mn":"ADBE Vector Shape - Group","hd":false},{"ty":"fl","c":{"a":0,"k":[0.6118,0.451,0.9725,1],"ix":4},"o":{"a":0,"k":100,"ix":5},"r":1,"nm":"Relleno 1","mn":"ADBE Vector Graphic - Fill","hd":false},{"ty":"tr","p":{"a":0,"k":[30.616,24.924],"ix":2},"a":{"a":0,"k":[0,0],"ix":1},"s":{"a":0,"k":[100,100],"ix":3},"r":{"a":0,"k":0,"ix":6},"o":{"a":0,"k":100,"ix":7},"sk":{"a":0,"k":0,"ix":4},"sa":{"a":0,"k":0,"ix":5},"nm":"Transformar"}],"nm":"Grupo 27","np":2,"cix":2,"ix":27,"mn":"ADBE Vector Group","hd":false},{"ty":"gr","it":[{"ind":0,"ty":"sh","ix":1,"ks":{"a":0,"k":{"i":[[0,0],[0,0],[0,0]],"o":[[0,0],[0,0],[0,0]],"v":[[1.523,1.523],[-1.523,-1.523],[1.523,-1.523]],"c":true},"ix":2},"nm":"Trazado 1","mn":"ADBE Vector Shape - Group","hd":false},{"ty":"fl","c":{"a":0,"k":[0.6118,0.451,0.9725,1],"ix":4},"o":{"a":0,"k":100,"ix":5},"r":1,"nm":"Relleno 1","mn":"ADBE Vector Graphic - Fill","hd":false},{"ty":"tr","p":{"a":0,"k":[36.382,30.69],"ix":2},"a":{"a":0,"k":[0,0],"ix":1},"s":{"a":0,"k":[100,100],"ix":3},"r":{"a":0,"k":0,"ix":6},"o":{"a":0,"k":100,"ix":7},"sk":{"a":0,"k":0,"ix":4},"sa":{"a":0,"k":0,"ix":5},"nm":"Transformar"}],"nm":"Grupo 28","np":2,"cix":2,"ix":28,"mn":"ADBE Vector Group","hd":false},{"ty":"gr","it":[{"ind":0,"ty":"sh","ix":1,"ks":{"a":0,"k":{"i":[[0,0],[0,0],[0,0]],"o":[[0,0],[0,0],[0,0]],"v":[[1.523,1.523],[-1.523,-1.523],[1.523,-1.523]],"c":true},"ix":2},"nm":"Trazado 1","mn":"ADBE Vector Shape - Group","hd":false},{"ty":"fl","c":{"a":0,"k":[0.6118,0.451,0.9725,1],"ix":4},"o":{"a":0,"k":100,"ix":5},"r":1,"nm":"Relleno 1","mn":"ADBE Vector Graphic - Fill","hd":false},{"ty":"tr","p":{"a":0,"k":[42.148,36.456],"ix":2},"a":{"a":0,"k":[0,0],"ix":1},"s":{"a":0,"k":[100,100],"ix":3},"r":{"a":0,"k":0,"ix":6},"o":{"a":0,"k":100,"ix":7},"sk":{"a":0,"k":0,"ix":4},"sa":{"a":0,"k":0,"ix":5},"nm":"Transformar"}],"nm":"Grupo 29","np":2,"cix":2,"ix":29,"mn":"ADBE Vector Group","hd":false},{"ty":"gr","it":[{"ind":0,"ty":"sh","ix":1,"ks":{"a":0,"k":{"i":[[0,0],[0,0],[0,0]],"o":[[0,0],[0,0],[0,0]],"v":[[1.523,1.523],[-1.523,-1.523],[1.523,-1.522]],"c":true},"ix":2},"nm":"Trazado 1","mn":"ADBE Vector Shape - Group","hd":false},{"ty":"fl","c":{"a":0,"k":[0.6118,0.451,0.9725,1],"ix":4},"o":{"a":0,"k":100,"ix":5},"r":1,"nm":"Relleno 1","mn":"ADBE Vector Graphic - Fill","hd":false},{"ty":"tr","p":{"a":0,"k":[47.915,42.222],"ix":2},"a":{"a":0,"k":[0,0],"ix":1},"s":{"a":0,"k":[100,100],"ix":3},"r":{"a":0,"k":0,"ix":6},"o":{"a":0,"k":100,"ix":7},"sk":{"a":0,"k":0,"ix":4},"sa":{"a":0,"k":0,"ix":5},"nm":"Transformar"}],"nm":"Grupo 30","np":2,"cix":2,"ix":30,"mn":"ADBE Vector Group","hd":false},{"ty":"gr","it":[{"ind":0,"ty":"sh","ix":1,"ks":{"a":0,"k":{"i":[[0,0],[0,0],[0,0]],"o":[[0,0],[0,0],[0,0]],"v":[[1.523,1.523],[-1.523,-1.523],[1.523,-1.523]],"c":true},"ix":2},"nm":"Trazado 1","mn":"ADBE Vector Shape - Group","hd":false},{"ty":"fl","c":{"a":0,"k":[0.6118,0.451,0.9725,1],"ix":4},"o":{"a":0,"k":100,"ix":5},"r":1,"nm":"Relleno 1","mn":"ADBE Vector Graphic - Fill","hd":false},{"ty":"tr","p":{"a":0,"k":[1.773,1.871],"ix":2},"a":{"a":0,"k":[0,0],"ix":1},"s":{"a":0,"k":[100,100],"ix":3},"r":{"a":0,"k":0,"ix":6},"o":{"a":0,"k":100,"ix":7},"sk":{"a":0,"k":0,"ix":4},"sa":{"a":0,"k":0,"ix":5},"nm":"Transformar"}],"nm":"Grupo 31","np":2,"cix":2,"ix":31,"mn":"ADBE Vector Group","hd":false},{"ty":"gr","it":[{"ind":0,"ty":"sh","ix":1,"ks":{"a":0,"k":{"i":[[0,0],[0,0],[0,0]],"o":[[0,0],[0,0],[0,0]],"v":[[1.523,1.523],[-1.523,-1.523],[1.523,-1.523]],"c":true},"ix":2},"nm":"Trazado 1","mn":"ADBE Vector Shape - Group","hd":false},{"ty":"fl","c":{"a":0,"k":[0.6118,0.451,0.9725,1],"ix":4},"o":{"a":0,"k":100,"ix":5},"r":1,"nm":"Relleno 1","mn":"ADBE Vector Graphic - Fill","hd":false},{"ty":"tr","p":{"a":0,"k":[7.54,7.637],"ix":2},"a":{"a":0,"k":[0,0],"ix":1},"s":{"a":0,"k":[100,100],"ix":3},"r":{"a":0,"k":0,"ix":6},"o":{"a":0,"k":100,"ix":7},"sk":{"a":0,"k":0,"ix":4},"sa":{"a":0,"k":0,"ix":5},"nm":"Transformar"}],"nm":"Grupo 32","np":2,"cix":2,"ix":32,"mn":"ADBE Vector Group","hd":false},{"ty":"gr","it":[{"ind":0,"ty":"sh","ix":1,"ks":{"a":0,"k":{"i":[[0,0],[0,0],[0,0]],"o":[[0,0],[0,0],[0,0]],"v":[[1.523,1.523],[-1.523,-1.523],[1.523,-1.523]],"c":true},"ix":2},"nm":"Trazado 1","mn":"ADBE Vector Shape - Group","hd":false},{"ty":"fl","c":{"a":0,"k":[0.6118,0.451,0.9725,1],"ix":4},"o":{"a":0,"k":100,"ix":5},"r":1,"nm":"Relleno 1","mn":"ADBE Vector Graphic - Fill","hd":false},{"ty":"tr","p":{"a":0,"k":[13.306,13.403],"ix":2},"a":{"a":0,"k":[0,0],"ix":1},"s":{"a":0,"k":[100,100],"ix":3},"r":{"a":0,"k":0,"ix":6},"o":{"a":0,"k":100,"ix":7},"sk":{"a":0,"k":0,"ix":4},"sa":{"a":0,"k":0,"ix":5},"nm":"Transformar"}],"nm":"Grupo 33","np":2,"cix":2,"ix":33,"mn":"ADBE Vector Group","hd":false},{"ty":"gr","it":[{"ind":0,"ty":"sh","ix":1,"ks":{"a":0,"k":{"i":[[0,0],[0,0],[0,0]],"o":[[0,0],[0,0],[0,0]],"v":[[1.523,1.523],[-1.523,-1.523],[1.523,-1.523]],"c":true},"ix":2},"nm":"Trazado 1","mn":"ADBE Vector Shape - Group","hd":false},{"ty":"fl","c":{"a":0,"k":[0.6118,0.451,0.9725,1],"ix":4},"o":{"a":0,"k":100,"ix":5},"r":1,"nm":"Relleno 1","mn":"ADBE Vector Graphic - Fill","hd":false},{"ty":"tr","p":{"a":0,"k":[19.072,19.17],"ix":2},"a":{"a":0,"k":[0,0],"ix":1},"s":{"a":0,"k":[100,100],"ix":3},"r":{"a":0,"k":0,"ix":6},"o":{"a":0,"k":100,"ix":7},"sk":{"a":0,"k":0,"ix":4},"sa":{"a":0,"k":0,"ix":5},"nm":"Transformar"}],"nm":"Grupo 34","np":2,"cix":2,"ix":34,"mn":"ADBE Vector Group","hd":false},{"ty":"gr","it":[{"ind":0,"ty":"sh","ix":1,"ks":{"a":0,"k":{"i":[[0,0],[0,0],[0,0]],"o":[[0,0],[0,0],[0,0]],"v":[[1.523,1.523],[-1.523,-1.523],[1.523,-1.523]],"c":true},"ix":2},"nm":"Trazado 1","mn":"ADBE Vector Shape - Group","hd":false},{"ty":"fl","c":{"a":0,"k":[0.6118,0.451,0.9725,1],"ix":4},"o":{"a":0,"k":100,"ix":5},"r":1,"nm":"Relleno 1","mn":"ADBE Vector Graphic - Fill","hd":false},{"ty":"tr","p":{"a":0,"k":[24.838,24.936],"ix":2},"a":{"a":0,"k":[0,0],"ix":1},"s":{"a":0,"k":[100,100],"ix":3},"r":{"a":0,"k":0,"ix":6},"o":{"a":0,"k":100,"ix":7},"sk":{"a":0,"k":0,"ix":4},"sa":{"a":0,"k":0,"ix":5},"nm":"Transformar"}],"nm":"Grupo 35","np":2,"cix":2,"ix":35,"mn":"ADBE Vector Group","hd":false},{"ty":"gr","it":[{"ind":0,"ty":"sh","ix":1,"ks":{"a":0,"k":{"i":[[0,0],[0,0],[0,0]],"o":[[0,0],[0,0],[0,0]],"v":[[1.523,1.523],[-1.523,-1.523],[1.523,-1.521]],"c":true},"ix":2},"nm":"Trazado 1","mn":"ADBE Vector Shape - Group","hd":false},{"ty":"fl","c":{"a":0,"k":[0.6118,0.451,0.9725,1],"ix":4},"o":{"a":0,"k":100,"ix":5},"r":1,"nm":"Relleno 1","mn":"ADBE Vector Graphic - Fill","hd":false},{"ty":"tr","p":{"a":0,"k":[30.604,30.701],"ix":2},"a":{"a":0,"k":[0,0],"ix":1},"s":{"a":0,"k":[100,100],"ix":3},"r":{"a":0,"k":0,"ix":6},"o":{"a":0,"k":100,"ix":7},"sk":{"a":0,"k":0,"ix":4},"sa":{"a":0,"k":0,"ix":5},"nm":"Transformar"}],"nm":"Grupo 36","np":2,"cix":2,"ix":36,"mn":"ADBE Vector Group","hd":false},{"ty":"gr","it":[{"ind":0,"ty":"sh","ix":1,"ks":{"a":0,"k":{"i":[[0,0],[0,0],[0,0]],"o":[[0,0],[0,0],[0,0]],"v":[[1.523,1.523],[-1.523,-1.523],[1.523,-1.523]],"c":true},"ix":2},"nm":"Trazado 1","mn":"ADBE Vector Shape - Group","hd":false},{"ty":"fl","c":{"a":0,"k":[0.6118,0.451,0.9725,1],"ix":4},"o":{"a":0,"k":100,"ix":5},"r":1,"nm":"Relleno 1","mn":"ADBE Vector Graphic - Fill","hd":false},{"ty":"tr","p":{"a":0,"k":[36.371,36.468],"ix":2},"a":{"a":0,"k":[0,0],"ix":1},"s":{"a":0,"k":[100,100],"ix":3},"r":{"a":0,"k":0,"ix":6},"o":{"a":0,"k":100,"ix":7},"sk":{"a":0,"k":0,"ix":4},"sa":{"a":0,"k":0,"ix":5},"nm":"Transformar"}],"nm":"Grupo 37","np":2,"cix":2,"ix":37,"mn":"ADBE Vector Group","hd":false},{"ty":"gr","it":[{"ind":0,"ty":"sh","ix":1,"ks":{"a":0,"k":{"i":[[0,0],[0,0],[0,0]],"o":[[0,0],[0,0],[0,0]],"v":[[1.522,1.522],[-1.523,-1.523],[1.523,-1.523]],"c":true},"ix":2},"nm":"Trazado 1","mn":"ADBE Vector Shape - Group","hd":false},{"ty":"fl","c":{"a":0,"k":[0.6118,0.451,0.9725,1],"ix":4},"o":{"a":0,"k":100,"ix":5},"r":1,"nm":"Relleno 1","mn":"ADBE Vector Graphic - Fill","hd":false},{"ty":"tr","p":{"a":0,"k":[42.137,42.234],"ix":2},"a":{"a":0,"k":[0,0],"ix":1},"s":{"a":0,"k":[100,100],"ix":3},"r":{"a":0,"k":0,"ix":6},"o":{"a":0,"k":100,"ix":7},"sk":{"a":0,"k":0,"ix":4},"sa":{"a":0,"k":0,"ix":5},"nm":"Transformar"}],"nm":"Grupo 38","np":2,"cix":2,"ix":38,"mn":"ADBE Vector Group","hd":false},{"ty":"gr","it":[{"ind":0,"ty":"sh","ix":1,"ks":{"a":0,"k":{"i":[[0,0],[0,0],[0,0]],"o":[[0,0],[0,0],[0,0]],"v":[[1.523,1.523],[-1.523,-1.523],[1.523,-1.522]],"c":true},"ix":2},"nm":"Trazado 1","mn":"ADBE Vector Shape - Group","hd":false},{"ty":"fl","c":{"a":0,"k":[0.6118,0.451,0.9725,1],"ix":4},"o":{"a":0,"k":100,"ix":5},"r":1,"nm":"Relleno 1","mn":"ADBE Vector Graphic - Fill","hd":false},{"ty":"tr","p":{"a":0,"k":[47.903,48.001],"ix":2},"a":{"a":0,"k":[0,0],"ix":1},"s":{"a":0,"k":[100,100],"ix":3},"r":{"a":0,"k":0,"ix":6},"o":{"a":0,"k":100,"ix":7},"sk":{"a":0,"k":0,"ix":4},"sa":{"a":0,"k":0,"ix":5},"nm":"Transformar"}],"nm":"Grupo 39","np":2,"cix":2,"ix":39,"mn":"ADBE Vector Group","hd":false}],"ip":55,"op":93,"st":0,"bm":0},{"ddd":0,"ind":10,"ty":4,"nm":"qr contornos","sr":1,"ks":{"o":{"a":0,"k":100,"ix":11},"r":{"a":0,"k":0,"ix":10},"p":{"a":0,"k":[79.998,80.003,0],"ix":2},"a":{"a":0,"k":[16.304,16.302,0],"ix":1},"s":{"a":1,"k":[{"i":{"x":[0.861,0.861,0.667],"y":[1.005,1.005,1]},"o":{"x":[0.788,0.788,0.333],"y":[-0.07,-0.07,0]},"n":["0p861_1p005_0p788_-0p07","0p861_1p005_0p788_-0p07","0p667_1_0p333_0"],"t":82,"s":[100,100,100],"e":[125,125,100]},{"i":{"x":[0.887,0.887,0.667],"y":[0.998,0.998,1]},"o":{"x":[0.333,0.333,0.333],"y":[0,0,0]},"n":["0p887_0p998_0p333_0","0p887_0p998_0p333_0","0p667_1_0p333_0"],"t":87,"s":[125,125,100],"e":[0,0,100]},{"t":92}],"ix":6}},"ao":0,"shapes":[{"ty":"gr","it":[{"ind":0,"ty":"sh","ix":1,"ks":{"a":0,"k":{"i":[[0,0],[0.747,-0.015],[-0.008,0.309],[0.014,0.591],[-0.316,-0.007],[-0.573,0.022],[0.012,-0.375],[-0.008,-0.731]],"o":[[-0.747,-0.007],[-0.327,0.007],[0.014,-0.59],[-0.007,-0.312],[0.574,0.015],[0.355,-0.013],[-0.022,0.73],[0,0]],"v":[[1.334,1.318],[-0.909,1.303],[-1.326,0.881],[-1.327,-0.893],[-0.9,-1.323],[0.822,-1.324],[1.299,-0.855],[1.316,1.337]],"c":true},"ix":2},"nm":"Trazado 1","mn":"ADBE Vector Shape - Group","hd":false},{"ty":"fl","c":{"a":0,"k":[0.6118,0.451,0.9725,1],"ix":4},"o":{"a":0,"k":100,"ix":5},"r":1,"nm":"Relleno 1","mn":"ADBE Vector Graphic - Fill","hd":false},{"ty":"tr","p":{"a":0,"k":[21.693,28.385],"ix":2},"a":{"a":0,"k":[0,0],"ix":1},"s":{"a":0,"k":[100,100],"ix":3},"r":{"a":0,"k":0,"ix":6},"o":{"a":0,"k":100,"ix":7},"sk":{"a":0,"k":0,"ix":4},"sa":{"a":0,"k":0,"ix":5},"nm":"Transformar"}],"nm":"Grupo 1","np":2,"cix":2,"ix":1,"mn":"ADBE Vector Group","hd":false},{"ty":"gr","it":[{"ind":0,"ty":"sh","ix":1,"ks":{"a":0,"k":{"i":[[0.055,0.349],[-1.284,-0.002],[-0.001,-1.331],[1.246,0.011],[0.286,0.262]],"o":[[-0.003,-1.34],[1.328,0.002],[0,1.263],[-0.431,-0.004],[-0.297,-0.271]],"v":[[-1.206,-0.049],[0.075,-1.387],[1.404,-0.053],[0.158,1.206],[-1.107,1.126]],"c":true},"ix":2},"nm":"Trazado 1","mn":"ADBE Vector Shape - Group","hd":false},{"ty":"fl","c":{"a":0,"k":[0.6118,0.451,0.9725,1],"ix":4},"o":{"a":0,"k":100,"ix":5},"r":1,"nm":"Relleno 1","mn":"ADBE Vector Graphic - Fill","hd":false},{"ty":"tr","p":{"a":0,"k":[24.238,25.767],"ix":2},"a":{"a":0,"k":[0,0],"ix":1},"s":{"a":0,"k":[100,100],"ix":3},"r":{"a":0,"k":0,"ix":6},"o":{"a":0,"k":100,"ix":7},"sk":{"a":0,"k":0,"ix":4},"sa":{"a":0,"k":0,"ix":5},"nm":"Transformar"}],"nm":"Grupo 2","np":2,"cix":2,"ix":2,"mn":"ADBE Vector Group","hd":false},{"ty":"gr","it":[{"ind":0,"ty":"sh","ix":1,"ks":{"a":0,"k":{"i":[[1.346,0.004],[0,1.252],[-1.344,0.001],[-0.007,-1.248]],"o":[[-1.272,-0.004],[0,-1.357],[1.26,0],[0.007,1.37]],"v":[[-0.037,1.305],[-1.309,0.049],[0.035,-1.309],[1.302,-0.061]],"c":true},"ix":2},"nm":"Trazado 1","mn":"ADBE Vector Shape - Group","hd":false},{"ty":"fl","c":{"a":0,"k":[0.6118,0.451,0.9725,1],"ix":4},"o":{"a":0,"k":100,"ix":5},"r":1,"nm":"Relleno 1","mn":"ADBE Vector Graphic - Fill","hd":false},{"ty":"tr","p":{"a":0,"k":[31.043,21.675],"ix":2},"a":{"a":0,"k":[0,0],"ix":1},"s":{"a":0,"k":[100,100],"ix":3},"r":{"a":0,"k":0,"ix":6},"o":{"a":0,"k":100,"ix":7},"sk":{"a":0,"k":0,"ix":4},"sa":{"a":0,"k":0,"ix":5},"nm":"Transformar"}],"nm":"Grupo 3","np":2,"cix":2,"ix":3,"mn":"ADBE Vector Group","hd":false},{"ty":"gr","it":[{"ind":0,"ty":"sh","ix":1,"ks":{"a":0,"k":{"i":[[0,0],[1.313,-0.002],[-0.001,1.31],[-1.323,0.001],[0.005,-1.283]],"o":[[-0.004,1.304],[-1.296,0.002],[0.001,-1.332],[1.293,0],[0,0]],"v":[[1.304,0.014],[-0.013,1.32],[-1.308,0.012],[0.016,-1.322],[1.304,-0.038]],"c":true},"ix":2},"nm":"Trazado 1","mn":"ADBE Vector Shape - Group","hd":false},{"ty":"fl","c":{"a":0,"k":[0.6118,0.451,0.9725,1],"ix":4},"o":{"a":0,"k":100,"ix":5},"r":1,"nm":"Relleno 1","mn":"ADBE Vector Graphic - Fill","hd":false},{"ty":"tr","p":{"a":0,"k":[31.04,16.301],"ix":2},"a":{"a":0,"k":[0,0],"ix":1},"s":{"a":0,"k":[100,100],"ix":3},"r":{"a":0,"k":0,"ix":6},"o":{"a":0,"k":100,"ix":7},"sk":{"a":0,"k":0,"ix":4},"sa":{"a":0,"k":0,"ix":5},"nm":"Transformar"}],"nm":"Grupo 4","np":2,"cix":2,"ix":4,"mn":"ADBE Vector Group","hd":false},{"ty":"gr","it":[{"ind":0,"ty":"sh","ix":1,"ks":{"a":0,"k":{"i":[[1.293,-0.001],[0.006,1.306],[-1.335,-0.005],[0,-1.278],[0,0]],"o":[[-1.299,0],[-0.005,-1.339],[1.269,0.004],[0,0],[-0.001,1.305]],"v":[[0.008,1.322],[-1.297,0.016],[0.033,-1.318],[1.302,-0.035],[1.302,0.016]],"c":true},"ix":2},"nm":"Trazado 1","mn":"ADBE Vector Shape - Group","hd":false},{"ty":"fl","c":{"a":0,"k":[0.6118,0.451,0.9725,1],"ix":4},"o":{"a":0,"k":100,"ix":5},"r":1,"nm":"Relleno 1","mn":"ADBE Vector Graphic - Fill","hd":false},{"ty":"tr","p":{"a":0,"k":[27.029,16.298],"ix":2},"a":{"a":0,"k":[0,0],"ix":1},"s":{"a":0,"k":[100,100],"ix":3},"r":{"a":0,"k":0,"ix":6},"o":{"a":0,"k":100,"ix":7},"sk":{"a":0,"k":0,"ix":4},"sa":{"a":0,"k":0,"ix":5},"nm":"Transformar"}],"nm":"Grupo 5","np":2,"cix":2,"ix":5,"mn":"ADBE Vector Group","hd":false},{"ty":"gr","it":[{"ind":0,"ty":"sh","ix":1,"ks":{"a":0,"k":{"i":[[0.003,-1.392],[0.297,-0.283],[0.413,-0.005],[-0.005,1.314],[-1.331,0.004]],"o":[[-0.059,0.345],[-0.27,0.259],[-1.308,0.015],[0.004,-1.327],[1.283,-0.003]],"v":[[1.212,-0.018],[1.111,1.151],[-0.099,1.23],[-1.403,-0.076],[-0.068,-1.407]],"c":true},"ix":2},"nm":"Trazado 1","mn":"ADBE Vector Shape - Group","hd":false},{"ty":"fl","c":{"a":0,"k":[0.6118,0.451,0.9725,1],"ix":4},"o":{"a":0,"k":100,"ix":5},"r":1,"nm":"Relleno 1","mn":"ADBE Vector Graphic - Fill","hd":false},{"ty":"tr","p":{"a":0,"k":[1.668,16.386],"ix":2},"a":{"a":0,"k":[0,0],"ix":1},"s":{"a":0,"k":[100,100],"ix":3},"r":{"a":0,"k":0,"ix":6},"o":{"a":0,"k":100,"ix":7},"sk":{"a":0,"k":0,"ix":4},"sa":{"a":0,"k":0,"ix":5},"nm":"Transformar"}],"nm":"Grupo 6","np":2,"cix":2,"ix":6,"mn":"ADBE Vector Group","hd":false},{"ty":"gr","it":[{"ind":0,"ty":"sh","ix":1,"ks":{"a":0,"k":{"i":[[-0.296,0],[0.005,-1.338],[1.237,-0.005],[0.33,-0.022],[-0.009,0.307],[0.019,0.574],[-0.361,-0.035]],"o":[[1.327,-0.005],[-0.005,1.257],[-0.331,0.001],[-0.33,0.022],[0.018,-0.574],[-0.011,-0.327],[0.294,0.028]],"v":[[0.004,-1.291],[1.326,0.042],[0.083,1.305],[-0.91,1.309],[-1.32,0.88],[-1.32,-0.844],[-0.884,-1.296]],"c":true},"ix":2},"nm":"Trazado 1","mn":"ADBE Vector Shape - Group","hd":false},{"ty":"fl","c":{"a":0,"k":[0.6118,0.451,0.9725,1],"ix":4},"o":{"a":0,"k":100,"ix":5},"r":1,"nm":"Relleno 1","mn":"ADBE Vector Graphic - Fill","hd":false},{"ty":"tr","p":{"a":0,"k":[16.3,5.568],"ix":2},"a":{"a":0,"k":[0,0],"ix":1},"s":{"a":0,"k":[100,100],"ix":3},"r":{"a":0,"k":0,"ix":6},"o":{"a":0,"k":100,"ix":7},"sk":{"a":0,"k":0,"ix":4},"sa":{"a":0,"k":0,"ix":5},"nm":"Transformar"}],"nm":"Grupo 7","np":2,"cix":2,"ix":7,"mn":"ADBE Vector Group","hd":false},{"ty":"gr","it":[{"ind":0,"ty":"sh","ix":1,"ks":{"a":0,"k":{"i":[[1.354,-0.003],[-0.005,1.311],[-1.302,0.004],[0.004,-1.336]],"o":[[-1.287,0.003],[0.004,-1.303],[1.338,-0.005],[-0.004,1.281]],"v":[[-0.038,1.309],[-1.32,0.001],[-0.014,-1.307],[1.32,0.025]],"c":true},"ix":2},"nm":"Trazado 1","mn":"ADBE Vector Shape - Group","hd":false},{"ty":"fl","c":{"a":0,"k":[0.6118,0.451,0.9725,1],"ix":4},"o":{"a":0,"k":100,"ix":5},"r":1,"nm":"Relleno 1","mn":"ADBE Vector Graphic - Fill","hd":false},{"ty":"tr","p":{"a":0,"k":[16.304,1.567],"ix":2},"a":{"a":0,"k":[0,0],"ix":1},"s":{"a":0,"k":[100,100],"ix":3},"r":{"a":0,"k":0,"ix":6},"o":{"a":0,"k":100,"ix":7},"sk":{"a":0,"k":0,"ix":4},"sa":{"a":0,"k":0,"ix":5},"nm":"Transformar"}],"nm":"Grupo 8","np":2,"cix":2,"ix":8,"mn":"ADBE Vector Group","hd":false},{"ty":"gr","it":[{"ind":0,"ty":"sh","ix":1,"ks":{"a":0,"k":{"i":[[0,0],[0.815,0.022],[0.008,-0.205],[0.876,0],[0.435,-0.014],[-0.008,0.291],[0.018,0.609],[-0.3,-0.01],[-0.609,-0.026],[-0.002,0.366],[-0.869,-0.001],[-0.435,0.022],[0.005,-0.322],[-0.005,-0.767]],"o":[[-0.814,-0.112],[-0.327,-0.008],[-0.032,0.87],[-0.435,0.001],[-0.296,0.009],[0.017,-0.609],[-0.009,-0.293],[0.609,0.02],[0.361,0.015],[0.004,-0.882],[0.437,0],[0.318,-0.016],[-0.017,0.765],[0,0.001]],"v":[[2.674,0.719],[0.225,0.67],[-0.064,1.112],[-0.971,1.982],[-2.278,1.986],[-2.665,1.585],[-2.665,-0.245],[-2.281,-0.633],[-0.451,-0.62],[0.033,-1.09],[0.924,-1.971],[2.232,-1.979],[2.648,-1.562],[2.656,0.737]],"c":true},"ix":2},"nm":"Trazado 1","mn":"ADBE Vector Shape - Group","hd":false},{"ty":"fl","c":{"a":0,"k":[0.6118,0.451,0.9725,1],"ix":4},"o":{"a":0,"k":100,"ix":5},"r":1,"nm":"Relleno 1","mn":"ADBE Vector Graphic - Fill","hd":false},{"ty":"tr","p":{"a":0,"k":[20.344,16.953],"ix":2},"a":{"a":0,"k":[0,0],"ix":1},"s":{"a":0,"k":[100,100],"ix":3},"r":{"a":0,"k":0,"ix":6},"o":{"a":0,"k":100,"ix":7},"sk":{"a":0,"k":0,"ix":4},"sa":{"a":0,"k":0,"ix":5},"nm":"Transformar"}],"nm":"Grupo 9","np":2,"cix":2,"ix":9,"mn":"ADBE Vector Group","hd":false},{"ty":"gr","it":[{"ind":0,"ty":"sh","ix":1,"ks":{"a":0,"k":{"i":[[0,-0.748],[-0.016,-0.731],[0.338,0.012],[0.609,-0.011],[-0.003,0.32],[0.01,1.514],[-0.287,-0.006],[-0.609,0.018],[0.006,-0.31]],"o":[[0,0.731],[0.006,0.3],[-0.608,-0.021],[-0.267,0.004],[0.012,-1.514],[-0.002,-0.299],[0.608,0.013],[0.325,-0.01],[-0.016,0.748]],"v":[[1.318,0.023],[1.323,2.216],[0.918,2.651],[-0.91,2.65],[-1.326,2.28],[-1.326,-2.262],[-0.922,-2.652],[0.906,-2.653],[1.323,-2.222]],"c":true},"ix":2},"nm":"Trazado 1","mn":"ADBE Vector Shape - Group","hd":false},{"ty":"fl","c":{"a":0,"k":[0.6118,0.451,0.9725,1],"ix":4},"o":{"a":0,"k":100,"ix":5},"r":1,"nm":"Relleno 1","mn":"ADBE Vector Graphic - Fill","hd":false},{"ty":"tr","p":{"a":0,"k":[16.307,10.928],"ix":2},"a":{"a":0,"k":[0,0],"ix":1},"s":{"a":0,"k":[100,100],"ix":3},"r":{"a":0,"k":0,"ix":6},"o":{"a":0,"k":100,"ix":7},"sk":{"a":0,"k":0,"ix":4},"sa":{"a":0,"k":0,"ix":5},"nm":"Transformar"}],"nm":"Grupo 10","np":2,"cix":2,"ix":10,"mn":"ADBE Vector Group","hd":false},{"ty":"gr","it":[{"ind":0,"ty":"sh","ix":1,"ks":{"a":0,"k":{"i":[[1.187,0],[1.169,-0.02],[-0.015,0.362],[0.016,0.593],[-0.293,-0.001],[-2.391,0.008],[0.007,-0.291],[-0.019,-0.61],[0.316,0.004]],"o":[[-1.169,0],[-0.369,0.006],[0.025,-0.592],[-0.008,-0.297],[2.391,0.009],[0.298,-0.001],[-0.015,0.61],[0.011,0.321],[-1.186,-0.014]],"v":[[0.001,1.316],[-3.507,1.324],[-3.979,0.844],[-3.977,-0.937],[-3.581,-1.329],[3.592,-1.327],[3.982,-0.93],[3.982,0.903],[3.561,1.322]],"c":true},"ix":2},"nm":"Trazado 1","mn":"ADBE Vector Shape - Group","hd":false},{"ty":"fl","c":{"a":0,"k":[0.6118,0.451,0.9725,1],"ix":4},"o":{"a":0,"k":100,"ix":5},"r":1,"nm":"Relleno 1","mn":"ADBE Vector Graphic - Fill","hd":false},{"ty":"tr","p":{"a":0,"k":[9.601,16.304],"ix":2},"a":{"a":0,"k":[0,0],"ix":1},"s":{"a":0,"k":[100,100],"ix":3},"r":{"a":0,"k":0,"ix":6},"o":{"a":0,"k":100,"ix":7},"sk":{"a":0,"k":0,"ix":4},"sa":{"a":0,"k":0,"ix":5},"nm":"Transformar"}],"nm":"Grupo 11","np":2,"cix":2,"ix":11,"mn":"ADBE Vector Group","hd":false},{"ty":"gr","it":[{"ind":0,"ty":"sh","ix":1,"ks":{"a":0,"k":{"i":[[0,0],[-0.749,0.019],[0.007,-0.291],[-0.002,-0.54],[-0.699,-0.002],[-0.522,0.016],[0.011,-0.324],[-0.021,-0.609],[0.281,0.001],[2.388,-0.009],[-0.007,0.301],[0.017,0.609],[-0.298,-0.006],[-0.61,-0.01],[0.008,0.302],[0.004,0.767]],"o":[[0.749,-0.004],[0.296,-0.006],[-0.012,0.54],[0.003,0.676],[0.522,0.001],[0.31,-0.009],[-0.022,0.609],[0.011,0.312],[-2.388,-0.008],[-0.285,0.001],[0.014,-0.609],[-0.009,-0.331],[0.61,0.012],[0.286,0.005],[-0.02,-0.765],[0,0]],"v":[[-1.352,-2.637],[0.896,-2.653],[1.294,-2.262],[1.29,-0.641],[1.993,0.038],[3.561,0.033],[3.984,0.454],[3.983,2.284],[3.584,2.656],[-3.58,2.658],[-3.985,2.277],[-3.986,0.447],[-3.542,0.036],[-1.712,0.04],[-1.316,-0.355],[-1.335,-2.655]],"c":true},"ix":2},"nm":"Trazado 1","mn":"ADBE Vector Shape - Group","hd":false},{"ty":"fl","c":{"a":0,"k":[0.6118,0.451,0.9725,1],"ix":4},"o":{"a":0,"k":100,"ix":5},"r":1,"nm":"Relleno 1","mn":"ADBE Vector Graphic - Fill","hd":false},{"ty":"tr","p":{"a":0,"k":[24.353,20.328],"ix":2},"a":{"a":0,"k":[0,0],"ix":1},"s":{"a":0,"k":[100,100],"ix":3},"r":{"a":0,"k":0,"ix":6},"o":{"a":0,"k":100,"ix":7},"sk":{"a":0,"k":0,"ix":4},"sa":{"a":0,"k":0,"ix":5},"nm":"Transformar"}],"nm":"Grupo 12","np":2,"cix":2,"ix":12,"mn":"ADBE Vector Group","hd":false},{"ty":"gr","it":[{"ind":0,"ty":"sh","ix":1,"ks":{"a":0,"k":{"i":[[0,0],[-0.768,-0.02],[0.01,0.323],[0.018,0.61],[-0.311,-0.008],[-0.575,0.017],[0.015,-0.355],[0.016,-0.61],[-0.3,-0.009],[-0.002,0.994],[0.022,0.871],[-0.337,-0.013],[-0.593,0.016],[0.001,-0.289],[-0.01,-1.937],[0.296,0],[2.808,-0.009],[-0.012,0.355],[0.002,0.734]],"o":[[0.768,0.002],[0.313,0.008],[-0.017,-0.611],[-0.01,-0.323],[0.576,0.015],[0.329,-0.01],[-0.025,0.61],[-0.006,0.289],[1.018,0.028],[0.002,-0.873],[-0.009,-0.35],[0.592,0.022],[0.296,-0.007],[-0.008,1.937],[0.001,0.334],[-2.81,-0.006],[-0.33,0.002],[0.023,-0.732],[0,0]],"v":[[-4.671,0.693],[-2.368,0.706],[-1.941,0.291],[-1.95,-1.541],[-1.525,-1.964],[0.203,-1.965],[0.658,-1.522],[0.646,0.309],[1.033,0.707],[2.053,-0.246],[2.046,-2.864],[2.493,-3.304],[4.272,-3.302],[4.669,-2.905],[4.669,2.905],[4.225,3.314],[-4.202,3.315],[-4.654,2.873],[-4.652,0.674]],"c":true},"ix":2},"nm":"Trazado 1","mn":"ADBE Vector Shape - Group","hd":false},{"ty":"fl","c":{"a":0,"k":[0.6118,0.451,0.9725,1],"ix":4},"o":{"a":0,"k":100,"ix":5},"r":1,"nm":"Relleno 1","mn":"ADBE Vector Graphic - Fill","hd":false},{"ty":"tr","p":{"a":0,"k":[27.679,29.028],"ix":2},"a":{"a":0,"k":[0,0],"ix":1},"s":{"a":0,"k":[100,100],"ix":3},"r":{"a":0,"k":0,"ix":6},"o":{"a":0,"k":100,"ix":7},"sk":{"a":0,"k":0,"ix":4},"sa":{"a":0,"k":0,"ix":5},"nm":"Transformar"}],"nm":"Grupo 13","np":2,"cix":2,"ix":13,"mn":"ADBE Vector Group","hd":false},{"ty":"gr","it":[{"ind":0,"ty":"sh","ix":1,"ks":{"a":0,"k":{"i":[[0,2.058],[0.021,2.04],[-0.403,-0.021],[-0.557,0.027],[0.004,-0.334],[0.02,-1.029],[-0.372,0.018],[-0.611,0.016],[0.005,-0.275],[-0.017,-0.627],[0.273,0.005],[0.61,0.013],[-0.004,-0.319],[0.022,-1.081],[-0.319,0.01],[-0.593,0.019],[0.013,-0.336],[-0.024,-0.591],[0.328,0.003],[1.447,-0.018],[-0.003,0.392]],"o":[[0,-2.041],[-0.005,-0.422],[0.557,0.03],[0.352,-0.015],[-0.016,1.028],[-0.008,0.361],[0.609,-0.027],[0.269,-0.006],[-0.014,0.627],[0.009,0.314],[-0.611,-0.009],[-0.317,-0.007],[0.014,1.081],[-0.007,0.365],[0.593,-0.018],[0.306,-0.01],[-0.023,0.592],[0.014,0.356],[-1.448,-0.012],[-0.386,0.005],[0.017,-2.059]],"v":[[-2.651,-0.01],[-2.66,-6.132],[-2.126,-6.656],[-0.452,-6.656],[-0.006,-6.202],[-0.019,-3.115],[0.448,-2.643],[2.279,-2.654],[2.648,-2.298],[2.647,-0.415],[2.236,-0.036],[0.405,-0.04],[-0.016,0.389],[-0.02,3.633],[0.442,4.057],[2.221,4.047],[2.65,4.449],[2.651,6.227],[2.191,6.669],[-2.152,6.671],[-2.659,6.163]],"c":true},"ix":2},"nm":"Trazado 1","mn":"ADBE Vector Shape - Group","hd":false},{"ty":"fl","c":{"a":0,"k":[0.6118,0.451,0.9725,1],"ix":4},"o":{"a":0,"k":100,"ix":5},"r":1,"nm":"Relleno 1","mn":"ADBE Vector Graphic - Fill","hd":false},{"ty":"tr","p":{"a":0,"k":[17.637,25.677],"ix":2},"a":{"a":0,"k":[0,0],"ix":1},"s":{"a":0,"k":[100,100],"ix":3},"r":{"a":0,"k":0,"ix":6},"o":{"a":0,"k":100,"ix":7},"sk":{"a":0,"k":0,"ix":4},"sa":{"a":0,"k":0,"ix":5},"nm":"Transformar"}],"nm":"Grupo 14","np":2,"cix":2,"ix":14,"mn":"ADBE Vector Group","hd":false},{"ty":"gr","it":[{"ind":0,"ty":"sh","ix":1,"ks":{"a":0,"k":{"i":[[0.504,-0.002],[4.049,0.018],[-0.006,-0.465],[0,-2.024],[-0.001,-0.542],[0,0],[0.014,1.729],[-0.38,-0.002],[-2.37,0.015],[0.008,-0.394],[0,-1.185],[-0.021,-1.185],[0.408,0.003],[2.387,-0.016],[-0.003,0.369],[-0.002,0.657],[0,0],[0.018,-1.465],[-0.519,0.002],[-4.049,-0.015],[0.002,0.429],[-0.015,4.048]],"o":[[-4.048,0.022],[-0.457,-0.002],[0.023,2.024],[0,0.542],[0,0],[0.006,-1.729],[-0.003,-0.402],[2.37,0.015],[0.386,-0.003],[-0.023,1.184],[0,1.185],[0.006,0.374],[-2.387,-0.019],[-0.363,0.002],[0.004,-0.657],[0,0],[0.002,1.465],[-0.006,0.49],[4.048,-0.022],[0.439,0.002],[-0.014,-4.049],[0.002,-0.454]],"v":[[6.074,-6.669],[-6.072,-6.665],[-6.663,-6.083],[-6.654,-0.011],[-6.652,1.615],[-4.048,1.615],[-4.048,-3.574],[-3.544,-4.065],[3.566,-4.066],[4.07,-3.566],[4.062,-0.012],[4.07,3.542],[3.583,4.053],[-3.577,4.053],[-4.048,3.587],[-4.048,1.615],[-6.652,1.615],[-6.665,6.01],[-6.031,6.669],[6.115,6.663],[6.667,6.102],[6.669,-6.044]],"c":true},"ix":2},"nm":"Trazado 1","mn":"ADBE Vector Shape - Group","hd":false},{"ty":"fl","c":{"a":0,"k":[0.6118,0.451,0.9725,1],"ix":4},"o":{"a":0,"k":100,"ix":5},"r":1,"nm":"Relleno 1","mn":"ADBE Vector Graphic - Fill","hd":false},{"ty":"tr","p":{"a":0,"k":[6.92,25.684],"ix":2},"a":{"a":0,"k":[0,0],"ix":1},"s":{"a":0,"k":[100,100],"ix":3},"r":{"a":0,"k":0,"ix":6},"o":{"a":0,"k":100,"ix":7},"sk":{"a":0,"k":0,"ix":4},"sa":{"a":0,"k":0,"ix":5},"nm":"Transformar"}],"nm":"Grupo 15","np":2,"cix":2,"ix":15,"mn":"ADBE Vector Group","hd":false},{"ty":"gr","it":[{"ind":0,"ty":"sh","ix":1,"ks":{"a":0,"k":{"i":[[0.48,-0.002],[4.031,0.015],[-0.008,-0.499],[0,-2.007],[0.02,-2.059],[-0.41,0.002],[-1.584,0.001],[0,0],[0.745,-0.003],[-0.002,0.339],[0.016,2.405],[-0.34,-0.005],[-1.185,0],[-1.22,0.018],[0.002,-0.318],[-0.014,-2.422],[0.327,0.001],[1.66,-0.003],[0,0],[-2.517,-0.008],[0.001,0.376],[-0.017,4.066]],"o":[[-4.031,0.017],[-0.461,-0.001],[0.029,2.007],[0,2.059],[-0.004,0.414],[1.584,-0.005],[0,0],[-0.745,0.001],[-0.344,0.002],[0.011,-2.405],[-0.003,-0.39],[1.185,0.016],[1.219,-0.002],[0.324,-0.004],[-0.012,2.422],[0.002,0.357],[-1.66,-0.008],[0,0],[2.517,-0.002],[0.405,0.002],[-0.01,-4.066],[0.002,-0.477]],"v":[[6.052,-6.665],[-6.042,-6.664],[-6.664,-6.061],[-6.652,-0.039],[-6.661,6.137],[-6.132,6.665],[-1.38,6.665],[-1.38,4.066],[-3.615,4.066],[-4.061,3.618],[-4.062,-3.596],[-3.572,-4.046],[-0.017,-4.04],[3.642,-4.049],[4.054,-3.632],[4.055,3.633],[3.599,4.066],[-1.38,4.066],[-1.38,6.665],[6.171,6.665],[6.665,6.15],[6.67,-6.048]],"c":true},"ix":2},"nm":"Trazado 1","mn":"ADBE Vector Shape - Group","hd":false},{"ty":"fl","c":{"a":0,"k":[0.6118,0.451,0.9725,1],"ix":4},"o":{"a":0,"k":100,"ix":5},"r":1,"nm":"Relleno 1","mn":"ADBE Vector Graphic - Fill","hd":false},{"ty":"tr","p":{"a":0,"k":[25.685,6.918],"ix":2},"a":{"a":0,"k":[0,0],"ix":1},"s":{"a":0,"k":[100,100],"ix":3},"r":{"a":0,"k":0,"ix":6},"o":{"a":0,"k":100,"ix":7},"sk":{"a":0,"k":0,"ix":4},"sa":{"a":0,"k":0,"ix":5},"nm":"Transformar"}],"nm":"Grupo 16","np":2,"cix":2,"ix":16,"mn":"ADBE Vector Group","hd":false},{"ty":"gr","it":[{"ind":0,"ty":"sh","ix":1,"ks":{"a":0,"k":{"i":[[0.417,-0.001],[4.08,0.014],[-0.004,-0.436],[0,-2.04],[0,-0.121],[0,0],[0,0.14],[0.018,1.186],[-0.352,-0.002],[-2.408,0.017],[0.001,-0.346],[-0.015,-2.373],[0.401,0.003],[2.39,-0.012],[-0.005,0.347],[0.002,1.081],[0,0],[0.017,-1.918],[-0.409,0.001],[-4.097,-0.013],[0.002,0.394],[-0.013,4.097]],"o":[[-4.08,0.014],[-0.43,-0.001],[0.019,2.039],[0,0.121],[0,0],[0,-0.14],[0.001,-1.187],[-0.004,-0.332],[2.407,0.014],[0.386,-0.003],[-0.012,2.373],[0.003,0.381],[-2.39,-0.017],[-0.338,0.002],[0.016,-1.081],[0,0],[0.001,1.918],[-0.003,0.412],[4.097,-0.014],[0.389,0.001],[-0.012,-4.097],[0.001,-0.403]],"v":[[6.141,-6.665],[-6.098,-6.665],[-6.663,-6.103],[-6.654,0.016],[-6.656,0.38],[-4.042,0.38],[-4.042,-0.041],[-4.048,-3.601],[-3.613,-4.05],[3.611,-4.052],[4.068,-3.563],[4.068,3.557],[3.573,4.067],[-3.6,4.065],[-4.048,3.624],[-4.042,0.38],[-6.656,0.38],[-6.663,6.135],[-6.128,6.665],[6.163,6.663],[6.665,6.165],[6.667,-6.126]],"c":true},"ix":2},"nm":"Trazado 1","mn":"ADBE Vector Shape - Group","hd":false},{"ty":"fl","c":{"a":0,"k":[0.6118,0.451,0.9725,1],"ix":4},"o":{"a":0,"k":100,"ix":5},"r":1,"nm":"Relleno 1","mn":"ADBE Vector Graphic - Fill","hd":false},{"ty":"tr","p":{"a":0,"k":[6.922,6.919],"ix":2},"a":{"a":0,"k":[0,0],"ix":1},"s":{"a":0,"k":[100,100],"ix":3},"r":{"a":0,"k":0,"ix":6},"o":{"a":0,"k":100,"ix":7},"sk":{"a":0,"k":0,"ix":4},"sa":{"a":0,"k":0,"ix":5},"nm":"Transformar"}],"nm":"Grupo 17","np":2,"cix":2,"ix":17,"mn":"ADBE Vector Group","hd":false}],"ip":55,"op":93,"st":-6,"bm":0},{"ddd":0,"ind":11,"ty":4,"nm":"blue contornos 2","td":1,"sr":1,"ks":{"o":{"a":0,"k":100,"ix":11},"r":{"a":0,"k":0,"ix":10},"p":{"a":0,"k":[80,80,0],"ix":2},"a":{"a":0,"k":[50.25,25.25,0],"ix":1},"s":{"a":0,"k":[100,100,100],"ix":6}},"ao":0,"shapes":[{"ty":"gr","it":[{"ind":0,"ty":"sh","ix":1,"ks":{"a":0,"k":{"i":[[-5.847,0],[0,0],[0,0],[0,0],[0,-5.846],[5.847,0],[0,0],[0,0],[0,0],[0,5.847]],"o":[[0,0],[0,0],[0,0],[5.847,0],[0,5.847],[0,0],[0,0],[0,0],[-5.847,0],[0,-5.846]],"v":[[50,-10.586],[50,-25],[-50,-25],[-50,-10.586],[-39.414,0],[-50,10.586],[-50,25],[50,25],[50,10.586],[39.414,0]],"c":true},"ix":2},"nm":"Trazado 1","mn":"ADBE Vector Shape - Group","hd":false},{"ty":"fl","c":{"a":0,"k":[1,1,1,1],"ix":4},"o":{"a":0,"k":100,"ix":5},"r":1,"nm":"Relleno 1","mn":"ADBE Vector Graphic - Fill","hd":false},{"ty":"tr","p":{"a":0,"k":[50.25,25.25],"ix":2},"a":{"a":0,"k":[0,0],"ix":1},"s":{"a":0,"k":[100,100],"ix":3},"r":{"a":0,"k":0,"ix":6},"o":{"a":0,"k":100,"ix":7},"sk":{"a":0,"k":0,"ix":4},"sa":{"a":0,"k":0,"ix":5},"nm":"Transformar"}],"nm":"Grupo 1","np":2,"cix":2,"ix":1,"mn":"ADBE Vector Group","hd":false}],"ip":55,"op":120,"st":-6,"bm":0},{"ddd":0,"ind":12,"ty":4,"nm":"Capa de formas 2","tt":1,"sr":1,"ks":{"o":{"a":0,"k":100,"ix":11},"r":{"a":0,"k":0,"ix":10},"p":{"a":0,"k":[80,80,0],"ix":2},"a":{"a":0,"k":[0,0,0],"ix":1},"s":{"a":0,"k":[100,100,100],"ix":6}},"ao":0,"shapes":[{"ty":"gr","it":[{"ind":0,"ty":"sh","ix":1,"ks":{"a":1,"k":[{"i":{"x":0.39,"y":1},"o":{"x":1,"y":0},"n":"0p39_1_1_0","t":84,"s":[{"i":[[0,0],[0,0],[0,0],[0,0]],"o":[[0,0],[0,0],[0,0],[0,0]],"v":[[55.004,-15.992],[55.004,16.135],[-55.004,16.135],[-55.004,-15.992]],"c":true}],"e":[{"i":[[0,0],[0,0],[0,0],[0,0]],"o":[[0,0],[0,0],[0,0],[0,0]],"v":[[55.004,-15.992],[55.004,-16.615],[-55.004,-13.767],[-55.004,-15.992]],"c":true}]},{"t":99}],"ix":2},"nm":"Trazado 1","mn":"ADBE Vector Shape - Group","hd":false},{"ty":"fl","c":{"a":0,"k":[1,1,1,1],"ix":4},"o":{"a":0,"k":100,"ix":5},"r":1,"nm":"Relleno 1","mn":"ADBE Vector Graphic - Fill","hd":false},{"ty":"tr","p":{"a":0,"k":[1.246,-1.387],"ix":2},"a":{"a":0,"k":[0,0],"ix":1},"s":{"a":0,"k":[100,175.575],"ix":3},"r":{"a":0,"k":0,"ix":6},"o":{"a":0,"k":100,"ix":7},"sk":{"a":0,"k":0,"ix":4},"sa":{"a":0,"k":0,"ix":5},"nm":"Transformar"}],"nm":"RectÃÂ¡ngulo 1","np":3,"cix":2,"ix":1,"mn":"ADBE Vector Group","hd":false}],"ip":55,"op":120,"st":0,"bm":0}],"markers":[]}